County FIPS Code,State,County Name,No APTC ,Yes APTC,Total Plan Selections
2013,AK,Aleutians East Borough,.,.,29
2016,AK,Aleutians West Census Area,11,23,34
2020,AK,Anchorage Municipality,1084,7664,8748
2050,AK,Bethel Census Area,18,65,83
2060,AK,Bristol Bay Borough,.,.,29
2068,AK,Denali Borough,.,.,163
2070,AK,Dillingham Census Area,.,.,39
2090,AK,Fairbanks North Star Borough,230,1884,2114
2100,AK,Haines Borough,20,246,266
2105,AK,Hoonah-Angoon Census Area,.,.,119
2110,AK,Juneau City and Borough,153,925,1078
2122,AK,Kenai Peninsula Borough,211,2317,2528
2130,AK,Ketchikan Gateway Borough,42,459,501
2150,AK,Kodiak Island Borough,46,660,706
2164,AK,Lake and Peninsula Borough,.,.,36
2170,AK,Matanuska-Susitna Borough,341,2593,2934
2180,AK,Nome Census Area,15,46,61
2185,AK,North Slope Borough,.,.,35
2188,AK,Northwest Arctic Borough,.,.,15
2195,AK,Petersburg Census Area,29,182,211
2198,AK,Prince of Wales-Hyder Census Area,17,85,102
2220,AK,Sitka City and Borough,55,422,477
2230,AK,Skagway Municipality,.,.,161
2240,AK,Southeast Fairbanks Census Area,14,139,153
2261,AK,Valdez-Cordova Census Area,52,410,462
2270,AK,Wade Hampton Census Area,.,.,19
2275,AK,Wrangell City and Borough,.,.,82
2282,AK,Yakutat City and Borough,0,12,12
2290,AK,Yukon-Koyukuk Census Area,11,48,59
1001,AL,Autauga County,206,1530,1736
1003,AL,Baldwin County,1151,8533,9684
1005,AL,Barbour County,86,719,805
1007,AL,Bibb County,58,499,557
1009,AL,Blount County,138,1694,1832
1011,AL,Bullock County,35,257,292
1013,AL,Butler County,78,636,714
1015,AL,Calhoun County,363,3162,3525
1017,AL,Chambers County,87,926,1013
1019,AL,Cherokee County,60,699,759
1021,AL,Chilton County,135,1591,1726
1023,AL,Choctaw County,56,517,573
1025,AL,Clarke County,84,917,1001
1027,AL,Clay County,42,381,423
1029,AL,Cleburne County,60,456,516
1031,AL,Coffee County,151,1160,1311
1033,AL,Colbert County,214,1597,1811
1035,AL,Conecuh County,57,502,559
1037,AL,Coosa County,53,310,363
1039,AL,Covington County,120,1119,1239
1041,AL,Crenshaw County,45,437,482
1043,AL,Cullman County,297,2508,2805
1045,AL,Dale County,155,1138,1293
1047,AL,Dallas County,158,1364,1522
1049,AL,DeKalb County,186,2506,2692
1051,AL,Elmore County,283,2095,2378
1053,AL,Escambia County,91,925,1016
1055,AL,Etowah County,316,3708,4024
1057,AL,Fayette County,45,429,474
1059,AL,Franklin County,77,823,900
1061,AL,Geneva County,96,802,898
1063,AL,Greene County,32,279,311
1065,AL,Hale County,62,443,505
1067,AL,Henry County,58,610,668
1069,AL,Houston County,390,3397,3787
1071,AL,Jackson County,178,1664,1842
1073,AL,Jefferson County,3091,20801,23892
1075,AL,Lamar County,31,411,442
1077,AL,Lauderdale County,390,2929,3319
1079,AL,Lawrence County,94,1182,1276
1081,AL,Lee County,543,4289,4832
1083,AL,Limestone County,285,2555,2840
1085,AL,Lowndes County,40,410,450
1087,AL,Macon County,73,622,695
1089,AL,Madison County,1710,11682,13392
1091,AL,Marengo County,76,630,706
1093,AL,Marion County,81,855,936
1095,AL,Marshall County,283,2951,3234
1097,AL,Mobile County,1969,16074,18043
1099,AL,Monroe County,61,870,931
1101,AL,Montgomery County,1045,7313,8358
1103,AL,Morgan County,413,3896,4309
1105,AL,Perry County,50,273,323
1107,AL,Pickens County,39,503,542
1109,AL,Pike County,99,774,873
1111,AL,Randolph County,59,691,750
1113,AL,Russell County,177,1590,1767
1115,AL,St. Clair County,243,2520,2763
1117,AL,Shelby County,1005,6243,7248
1119,AL,Sumter County,41,442,483
1121,AL,Talladega County,237,2093,2330
1123,AL,Tallapoosa County,139,1313,1452
1125,AL,Tuscaloosa County,814,4720,5534
1127,AL,Walker County,188,1833,2021
1129,AL,Washington County,41,492,533
1131,AL,Wilcox County,40,369,409
1133,AL,Winston County,76,826,902
5001,AR,Arkansas County,49,392,441
5003,AR,Ashley County,55,507,562
5005,AR,Baxter County,99,1081,1180
5007,AR,Benton County,898,5082,5980
5009,AR,Boone County,83,937,1020
5011,AR,Bradley County,.,.,230
5013,AR,Calhoun County,.,.,91
5015,AR,Carroll County,101,821,922
5017,AR,Chicot County,19,227,246
5019,AR,Clark County,67,373,440
5021,AR,Clay County,20,310,330
5023,AR,Cleburne County,57,642,699
5025,AR,Cleveland County,20,144,164
5027,AR,Columbia County,48,323,371
5029,AR,Conway County,38,440,478
5031,AR,Craighead County,254,1869,2123
5033,AR,Crawford County,126,1075,1201
5035,AR,Crittenden County,132,904,1036
5037,AR,Cross County,45,350,395
5039,AR,Dallas County,12,126,138
5041,AR,Desha County,34,307,341
5043,AR,Drew County,67,455,522
5045,AR,Faulkner County,362,2378,2740
5047,AR,Franklin County,16,278,294
5049,AR,Fulton County,23,195,218
5051,AR,Garland County,323,2633,2956
5053,AR,Grant County,46,365,411
5055,AR,Greene County,105,711,816
5057,AR,Hempstead County,35,310,345
5059,AR,Hot Spring County,71,693,764
5061,AR,Howard County,19,244,263
5063,AR,Independence County,75,745,820
5065,AR,Izard County,20,224,244
5067,AR,Jackson County,24,304,328
5069,AR,Jefferson County,151,1084,1235
5071,AR,Johnson County,53,391,444
5073,AR,Lafayette County,11,129,140
5075,AR,Lawrence County,34,315,349
5077,AR,Lee County,25,159,184
5079,AR,Lincoln County,16,244,260
5081,AR,Little River County,25,214,239
5083,AR,Logan County,37,367,404
5085,AR,Lonoke County,116,1232,1348
5087,AR,Madison County,29,391,420
5089,AR,Marion County,26,382,408
5091,AR,Miller County,94,734,828
5093,AR,Mississippi County,101,675,776
5095,AR,Monroe County,15,167,182
5097,AR,Montgomery County,23,261,284
5099,AR,Nevada County,15,141,156
5101,AR,Newton County,12,235,247
5103,AR,Ouachita County,55,419,474
5105,AR,Perry County,20,235,255
5107,AR,Phillips County,41,368,409
5109,AR,Pike County,33,246,279
5111,AR,Poinsett County,42,438,480
5113,AR,Polk County,37,390,427
5115,AR,Pope County,142,1112,1254
5117,AR,Prairie County,11,161,172
5119,AR,Pulaski County,1467,7295,8762
5121,AR,Randolph County,33,395,428
5123,AR,St. Francis County,44,357,401
5125,AR,Saline County,318,2053,2371
5127,AR,Scott County,11,128,139
5129,AR,Searcy County,.,.,204
5131,AR,Sebastian County,275,2136,2411
5133,AR,Sevier County,31,245,276
5135,AR,Sharp County,41,368,409
5137,AR,Stone County,42,269,311
5139,AR,Union County,75,788,863
5141,AR,Van Buren County,38,392,430
5143,AR,Washington County,785,4926,5711
5145,AR,White County,145,1481,1626
5147,AR,Woodruff County,12,167,179
5149,AR,Yell County,32,360,392
4001,AZ,Apache County,33,420,453
4003,AZ,Cochise County,497,2742,3239
4005,AZ,Coconino County,547,3102,3649
4007,AZ,Gila County,184,1154,1338
4009,AZ,Graham County,138,684,822
4011,AZ,Greenlee County,15,98,113
4012,AZ,La Paz County,37,284,321
4013,AZ,Maricopa County,37310,92229,129539
4015,AZ,Mohave County,557,5638,6195
4017,AZ,Navajo County,165,1798,1963
4019,AZ,Pima County,9052,22708,31760
4021,AZ,Pinal County,1978,8505,10483
4023,AZ,Santa Cruz County,311,2018,2329
4025,AZ,Yavapai County,1077,7969,9046
4027,AZ,Yuma County,428,3975,4403
10001,DE,Kent County,439,2978,3417
10003,DE,New Castle County,2787,12180,14967
10005,DE,Sussex County,934,5717,6651
12001,FL,Alachua County,1247,11472,12719
12003,FL,Baker County,37,800,837
12005,FL,Bay County,880,8150,9030
12007,FL,Bradford County,70,920,990
12009,FL,Brevard County,2584,27780,30364
12011,FL,Broward County,18856,203354,222210
12013,FL,Calhoun County,21,418,439
12015,FL,Charlotte County,737,8811,9548
12017,FL,Citrus County,520,7581,8101
12019,FL,Clay County,701,8009,8710
12021,FL,Collier County,1883,21401,23284
12023,FL,Columbia County,188,2573,2761
12027,FL,DeSoto County,46,1118,1164
12029,FL,Dixie County,18,488,506
12031,FL,Duval County,5528,49505,55033
12033,FL,Escambia County,995,10364,11359
12035,FL,Flagler County,449,6131,6580
12037,FL,Franklin County,35,627,662
12039,FL,Gadsden County,103,1897,2000
12041,FL,Gilchrist County,35,573,608
12043,FL,Glades County,17,368,385
12045,FL,Gulf County,59,612,671
12047,FL,Hamilton County,20,436,456
12049,FL,Hardee County,32,1056,1088
12051,FL,Hendry County,73,1913,1986
12053,FL,Hernando County,693,9177,9870
12055,FL,Highlands County,266,4086,4352
12057,FL,Hillsborough County,7580,69676,77256
12059,FL,Holmes County,34,642,676
12061,FL,Indian River County,972,7501,8473
12063,FL,Jackson County,73,1557,1630
12065,FL,Jefferson County,33,581,614
12067,FL,Lafayette County,.,.,287
12069,FL,Lake County,1548,16591,18139
12071,FL,Lee County,2808,38813,41621
12073,FL,Leon County,1103,9970,11073
12075,FL,Levy County,121,1802,1923
12077,FL,Liberty County,.,.,193
12079,FL,Madison County,36,730,766
12081,FL,Manatee County,2056,16464,18520
12083,FL,Marion County,1290,16436,17726
12085,FL,Martin County,1029,9163,10192
12086,FL,Miami-Dade County,15251,377191,392442
12087,FL,Monroe County,599,6372,6971
12089,FL,Nassau County,299,3396,3695
12091,FL,Okaloosa County,895,6412,7307
12093,FL,Okeechobee County,111,1391,1502
12095,FL,Orange County,8111,100474,108585
12097,FL,Osceola County,1395,31188,32583
12099,FL,Palm Beach County,10995,125973,136968
12101,FL,Pasco County,2533,26934,29467
12103,FL,Pinellas County,5578,53018,58596
12105,FL,Polk County,2190,32627,34817
12107,FL,Putnam County,198,3172,3370
12109,FL,St. Johns County,1180,9780,10960
12111,FL,St. Lucie County,1659,20736,22395
12113,FL,Santa Rosa County,676,5128,5804
12115,FL,Sarasota County,2939,22880,25819
12117,FL,Seminole County,3327,30744,34071
12119,FL,Sumter County,324,3109,3433
12121,FL,Suwannee County,79,1663,1742
12123,FL,Taylor County,53,563,616
12125,FL,Union County,33,295,328
12127,FL,Volusia County,3069,31515,34584
12129,FL,Wakulla County,76,906,982
12131,FL,Walton County,431,3120,3551
12133,FL,Washington County,52,805,857
13001,GA,Appling County,31,548,579
13003,GA,Atkinson County,11,211,222
13005,GA,Bacon County,.,.,291
13007,GA,Baker County,.,.,112
13009,GA,Baldwin County,141,1137,1278
13011,GA,Banks County,80,770,850
13013,GA,Barrow County,409,2573,2982
13015,GA,Bartow County,391,3899,4290
13017,GA,Ben Hill County,27,480,507
13019,GA,Berrien County,39,445,484
13021,GA,Bibb County,682,6290,6972
13023,GA,Bleckley County,38,337,375
13025,GA,Brantley County,35,695,730
13027,GA,Brooks County,36,533,569
13029,GA,Bryan County,232,1716,1948
13031,GA,Bulloch County,344,3398,3742
13033,GA,Burke County,89,1191,1280
13035,GA,Butts County,68,931,999
13037,GA,Calhoun County,.,.,202
13039,GA,Camden County,175,1952,2127
13043,GA,Candler County,52,709,761
13045,GA,Carroll County,486,5348,5834
13047,GA,Catoosa County,212,2104,2316
13049,GA,Charlton County,24,284,308
13051,GA,Chatham County,2452,16820,19272
13053,GA,Chattahoochee County,13,109,122
13055,GA,Chattooga County,47,790,837
13057,GA,Cherokee County,1551,10700,12251
13059,GA,Clarke County,819,3574,4393
13061,GA,Clay County,.,.,135
13063,GA,Clayton County,1671,20422,22093
13065,GA,Clinch County,17,147,164
13067,GA,Cobb County,5581,38635,44216
13069,GA,Coffee County,89,1129,1218
13071,GA,Colquitt County,85,2327,2412
13073,GA,Columbia County,589,5111,5700
13075,GA,Cook County,29,527,556
13077,GA,Coweta County,617,5442,6059
13079,GA,Crawford County,31,568,599
13081,GA,Crisp County,45,874,919
13083,GA,Dade County,69,572,641
13085,GA,Dawson County,123,1134,1257
13087,GA,Decatur County,74,1228,1302
13089,GA,DeKalb County,6289,45227,51516
13091,GA,Dodge County,59,670,729
13093,GA,Dooly County,23,344,367
13095,GA,Dougherty County,241,2881,3122
13097,GA,Douglas County,797,7956,8753
13099,GA,Early County,25,343,368
13101,GA,Echols County,0,68,68
13103,GA,Effingham County,327,2629,2956
13105,GA,Elbert County,83,564,647
13107,GA,Emanuel County,97,1324,1421
13109,GA,Evans County,30,516,546
13111,GA,Fannin County,107,1246,1353
13113,GA,Fayette County,703,4997,5700
13115,GA,Floyd County,368,3823,4191
13117,GA,Forsyth County,1450,8279,9729
13119,GA,Franklin County,51,662,713
13121,GA,Fulton County,9842,49715,59557
13123,GA,Gilmer County,103,1113,1216
13125,GA,Glascock County,15,107,122
13127,GA,Glynn County,422,5349,5771
13129,GA,Gordon County,128,1623,1751
13131,GA,Grady County,48,856,904
13133,GA,Greene County,80,650,730
13135,GA,Gwinnett County,5996,69209,75205
13137,GA,Habersham County,126,1399,1525
13139,GA,Hall County,942,8190,9132
13141,GA,Hancock County,45,411,456
13143,GA,Haralson County,111,1546,1657
13145,GA,Harris County,123,940,1063
13147,GA,Hart County,67,774,841
13149,GA,Heard County,26,428,454
13151,GA,Henry County,1230,11682,12912
13153,GA,Houston County,469,4199,4668
13155,GA,Irwin County,15,227,242
13157,GA,Jackson County,245,1896,2141
13159,GA,Jasper County,34,485,519
13161,GA,Jeff Davis County,25,362,387
13163,GA,Jefferson County,60,840,900
13165,GA,Jenkins County,37,347,384
13167,GA,Johnson County,26,385,411
13169,GA,Jones County,90,936,1026
13171,GA,Lamar County,61,824,885
13173,GA,Lanier County,.,.,239
13175,GA,Laurens County,148,2274,2422
13177,GA,Lee County,54,930,984
13179,GA,Liberty County,218,1771,1989
13181,GA,Lincoln County,21,404,425
13183,GA,Long County,45,372,417
13185,GA,Lowndes County,169,2746,2915
13187,GA,Lumpkin County,122,1056,1178
13189,GA,McDuffie County,80,955,1035
13191,GA,McIntosh County,53,1015,1068
13193,GA,Macon County,32,366,398
13195,GA,Madison County,107,811,918
13197,GA,Marion County,25,227,252
13199,GA,Meriwether County,71,701,772
13201,GA,Miller County,14,306,320
13205,GA,Mitchell County,42,858,900
13207,GA,Monroe County,118,957,1075
13209,GA,Montgomery County,18,197,215
13211,GA,Morgan County,96,848,944
13213,GA,Murray County,79,1011,1090
13215,GA,Muscogee County,723,5728,6451
13217,GA,Newton County,548,5441,5989
13219,GA,Oconee County,241,1085,1326
13221,GA,Oglethorpe County,49,461,510
13223,GA,Paulding County,684,6795,7479
13225,GA,Peach County,75,971,1046
13227,GA,Pickens County,134,1258,1392
13229,GA,Pierce County,16,401,417
13231,GA,Pike County,75,477,552
13233,GA,Polk County,139,1709,1848
13235,GA,Pulaski County,24,305,329
13237,GA,Putnam County,73,746,819
13239,GA,Quitman County,.,.,85
13241,GA,Rabun County,84,967,1051
13243,GA,Randolph County,23,263,286
13245,GA,Richmond County,889,9584,10473
13247,GA,Rockdale County,555,5361,5916
13249,GA,Schley County,11,138,149
13251,GA,Screven County,72,809,881
13253,GA,Seminole County,15,336,351
13255,GA,Spalding County,198,2442,2640
13257,GA,Stephens County,81,721,802
13259,GA,Stewart County,18,150,168
13261,GA,Sumter County,72,1217,1289
13263,GA,Talbot County,37,238,275
13265,GA,Taliaferro County,.,.,91
13267,GA,Tattnall County,54,750,804
13269,GA,Taylor County,14,234,248
13271,GA,Telfair County,13,304,317
13273,GA,Terrell County,19,323,342
13275,GA,Thomas County,96,1846,1942
13277,GA,Tift County,78,1141,1219
13279,GA,Toombs County,50,615,665
13281,GA,Towns County,39,562,601
13283,GA,Treutlen County,16,188,204
13285,GA,Troup County,162,2538,2700
13287,GA,Turner County,13,268,281
13289,GA,Twiggs County,19,289,308
13291,GA,Union County,120,977,1097
13293,GA,Upson County,53,772,825
13295,GA,Walker County,216,2047,2263
13297,GA,Walton County,426,3614,4040
13299,GA,Ware County,62,795,857
13301,GA,Warren County,27,306,333
13303,GA,Washington County,72,801,873
13305,GA,Wayne County,84,1302,1386
13307,GA,Webster County,12,112,124
13309,GA,Wheeler County,.,.,134
13311,GA,White County,85,1482,1567
13313,GA,Whitfield County,256,2865,3121
13315,GA,Wilcox County,11,239,250
13317,GA,Wilkes County,27,386,413
13319,GA,Wilkinson County,47,371,418
13321,GA,Worth County,19,568,587
19001,IA,Adair County,12,130,142
19003,IA,Adams County,0,62,62
19005,IA,Allamakee County,.,.,272
19007,IA,Appanoose County,16,229,245
19009,IA,Audubon County,.,.,131
19011,IA,Benton County,57,343,400
19013,IA,Black Hawk County,290,1438,1728
19015,IA,Boone County,24,302,326
19017,IA,Bremer County,44,254,298
19019,IA,Buchanan County,38,204,242
19021,IA,Buena Vista County,19,181,200
19023,IA,Butler County,11,182,193
19025,IA,Calhoun County,.,.,143
19027,IA,Carroll County,12,236,248
19029,IA,Cass County,19,198,217
19031,IA,Cedar County,23,221,244
19033,IA,Cerro Gordo County,54,548,602
19035,IA,Cherokee County,15,149,164
19037,IA,Chickasaw County,17,198,215
19039,IA,Clarke County,12,114,126
19041,IA,Clay County,23,264,287
19043,IA,Clayton County,23,312,335
19045,IA,Clinton County,57,637,694
19047,IA,Crawford County,24,180,204
19049,IA,Dallas County,379,738,1117
19051,IA,Davis County,.,.,86
19053,IA,Decatur County,.,.,174
19055,IA,Delaware County,.,.,210
19057,IA,Des Moines County,32,460,492
19059,IA,Dickinson County,26,269,295
19061,IA,Dubuque County,78,1064,1142
19063,IA,Emmet County,12,92,104
19065,IA,Fayette County,21,303,324
19067,IA,Floyd County,14,197,211
19069,IA,Franklin County,18,136,154
19071,IA,Fremont County,.,.,119
19073,IA,Greene County,11,104,115
19075,IA,Grundy County,.,.,145
19077,IA,Guthrie County,20,183,203
19079,IA,Hamilton County,.,.,224
19081,IA,Hancock County,.,.,122
19083,IA,Hardin County,22,233,255
19085,IA,Harrison County,37,235,272
19087,IA,Henry County,18,195,213
19089,IA,Howard County,12,192,204
19091,IA,Humboldt County,12,107,119
19093,IA,Ida County,20,80,100
19095,IA,Iowa County,20,200,220
19097,IA,Jackson County,14,257,271
19099,IA,Jasper County,104,403,507
19101,IA,Jefferson County,32,454,486
19103,IA,Johnson County,297,1527,1824
19105,IA,Jones County,24,245,269
19107,IA,Keokuk County,.,.,140
19109,IA,Kossuth County,11,180,191
19111,IA,Lee County,24,465,489
19113,IA,Linn County,532,2693,3225
19115,IA,Louisa County,.,.,126
19117,IA,Lucas County,.,.,92
19119,IA,Lyon County,11,102,113
19121,IA,Madison County,80,226,306
19123,IA,Mahaska County,27,238,265
19125,IA,Marion County,50,351,401
19127,IA,Marshall County,26,452,478
19129,IA,Mills County,35,182,217
19131,IA,Mitchell County,.,.,122
19133,IA,Monona County,17,172,189
19135,IA,Monroe County,.,.,92
19137,IA,Montgomery County,14,165,179
19139,IA,Muscatine County,79,570,649
19141,IA,O'Brien County,.,.,115
19143,IA,Osceola County,.,.,64
19145,IA,Page County,13,183,196
19147,IA,Palo Alto County,13,105,118
19149,IA,Plymouth County,28,267,295
19151,IA,Pocahontas County,.,.,86
19153,IA,Polk County,2129,5714,7843
19155,IA,Pottawattamie County,267,1035,1302
19157,IA,Poweshiek County,13,250,263
19159,IA,Ringgold County,.,.,110
19161,IA,Sac County,.,.,201
19163,IA,Scott County,412,2443,2855
19165,IA,Shelby County,12,181,193
19167,IA,Sioux County,40,270,310
19169,IA,Story County,97,860,957
19171,IA,Tama County,.,.,181
19173,IA,Taylor County,.,.,82
19175,IA,Union County,14,161,175
19177,IA,Van Buren County,.,.,94
19179,IA,Wapello County,20,405,425
19181,IA,Warren County,167,540,707
19183,IA,Washington County,31,295,326
19185,IA,Wayne County,12,115,127
19187,IA,Webster County,24,468,492
19189,IA,Winnebago County,11,120,131
19191,IA,Winneshiek County,28,575,603
19193,IA,Woodbury County,207,1426,1633
19195,IA,Worth County,.,.,91
19197,IA,Wright County,14,199,213
17001,IL,Adams County,199,1264,1463
17003,IL,Alexander County,13,87,100
17005,IL,Bond County,75,363,438
17007,IL,Boone County,199,1229,1428
17009,IL,Brown County,.,.,116
17011,IL,Bureau County,146,713,859
17013,IL,Calhoun County,16,147,163
17015,IL,Carroll County,58,471,529
17017,IL,Cass County,42,266,308
17019,IL,Champaign County,820,2983,3803
17021,IL,Christian County,86,594,680
17023,IL,Clark County,65,391,456
17025,IL,Clay County,40,363,403
17027,IL,Clinton County,123,688,811
17029,IL,Coles County,147,944,1091
17031,IL,Cook County,40030,117193,157223
17033,IL,Crawford County,43,375,418
17035,IL,Cumberland County,31,286,317
17037,IL,DeKalb County,440,2272,2712
17039,IL,De Witt County,62,337,399
17041,IL,Douglas County,55,431,486
17043,IL,DuPage County,7635,22927,30562
17045,IL,Edgar County,47,398,445
17047,IL,Edwards County,.,.,174
17049,IL,Effingham County,129,1088,1217
17051,IL,Fayette County,48,529,577
17053,IL,Ford County,54,305,359
17055,IL,Franklin County,88,855,943
17057,IL,Fulton County,124,653,777
17059,IL,Gallatin County,.,.,135
17061,IL,Greene County,26,296,322
17063,IL,Grundy County,252,809,1061
17065,IL,Hamilton County,26,192,218
17067,IL,Hancock County,73,322,395
17069,IL,Hardin County,.,.,60
17071,IL,Henderson County,12,171,183
17073,IL,Henry County,196,1007,1203
17075,IL,Iroquois County,85,618,703
17077,IL,Jackson County,174,930,1104
17079,IL,Jasper County,47,321,368
17081,IL,Jefferson County,124,799,923
17083,IL,Jersey County,74,381,455
17085,IL,Jo Daviess County,79,690,769
17087,IL,Johnson County,46,213,259
17089,IL,Kane County,2944,9801,12745
17091,IL,Kankakee County,359,1785,2144
17093,IL,Kendall County,738,2326,3064
17095,IL,Knox County,153,990,1143
17097,IL,Lake County,4661,15748,20409
17099,IL,LaSalle County,326,2306,2632
17101,IL,Lawrence County,31,317,348
17103,IL,Lee County,104,671,775
17105,IL,Livingston County,108,635,743
17107,IL,Logan County,105,538,643
17109,IL,McDonough County,71,527,598
17111,IL,McHenry County,2227,7802,10029
17113,IL,McLean County,605,2441,3046
17115,IL,Macon County,291,1950,2241
17117,IL,Macoupin County,141,980,1121
17119,IL,Madison County,1108,5101,6209
17121,IL,Marion County,97,697,794
17123,IL,Marshall County,47,230,277
17125,IL,Mason County,54,245,299
17127,IL,Massac County,44,289,333
17129,IL,Menard County,36,218,254
17131,IL,Mercer County,78,336,414
17133,IL,Monroe County,145,691,836
17135,IL,Montgomery County,85,648,733
17137,IL,Morgan County,126,669,795
17139,IL,Moultrie County,62,361,423
17141,IL,Ogle County,221,1248,1469
17143,IL,Peoria County,839,2824,3663
17145,IL,Perry County,34,385,419
17147,IL,Piatt County,58,346,404
17149,IL,Pike County,60,363,423
17151,IL,Pope County,.,.,78
17153,IL,Pulaski County,18,100,118
17155,IL,Putnam County,42,158,200
17157,IL,Randolph County,61,437,498
17159,IL,Richland County,35,363,398
17161,IL,Rock Island County,621,2448,3069
17163,IL,St. Clair County,1027,4581,5608
17165,IL,Saline County,89,468,557
17167,IL,Sangamon County,823,3083,3906
17169,IL,Schuyler County,16,190,206
17171,IL,Scott County,.,.,116
17173,IL,Shelby County,93,583,676
17175,IL,Stark County,19,127,146
17177,IL,Stephenson County,167,1406,1573
17179,IL,Tazewell County,465,1913,2378
17181,IL,Union County,44,348,392
17183,IL,Vermilion County,245,1246,1491
17185,IL,Wabash County,43,276,319
17187,IL,Warren County,83,295,378
17189,IL,Washington County,50,297,347
17191,IL,Wayne County,73,358,431
17193,IL,White County,57,366,423
17195,IL,Whiteside County,284,1079,1363
17197,IL,Will County,4099,14063,18162
17199,IL,Williamson County,188,1323,1511
17201,IL,Winnebago County,888,6657,7545
17203,IL,Woodford County,150,587,737
18001,IN,Adams County,115,885,1000
18003,IN,Allen County,1402,10085,11487
18005,IN,Bartholomew County,191,1869,2060
18007,IN,Benton County,47,237,284
18009,IN,Blackford County,45,375,420
18011,IN,Boone County,481,1744,2225
18013,IN,Brown County,83,722,805
18015,IN,Carroll County,72,612,684
18017,IN,Cass County,129,989,1118
18019,IN,Clark County,446,2475,2921
18021,IN,Clay County,68,812,880
18023,IN,Clinton County,75,833,908
18025,IN,Crawford County,21,338,359
18027,IN,Daviess County,79,711,790
18029,IN,Dearborn County,135,1386,1521
18031,IN,Decatur County,69,894,963
18033,IN,DeKalb County,123,1096,1219
18035,IN,Delaware County,332,2916,3248
18037,IN,Dubois County,149,1101,1250
18039,IN,Elkhart County,658,5530,6188
18041,IN,Fayette County,47,812,859
18043,IN,Floyd County,229,1873,2102
18045,IN,Fountain County,69,449,518
18047,IN,Franklin County,62,791,853
18049,IN,Fulton County,100,717,817
18051,IN,Gibson County,122,958,1080
18053,IN,Grant County,169,1509,1678
18055,IN,Greene County,75,982,1057
18057,IN,Hamilton County,2619,9222,11841
18059,IN,Hancock County,389,2217,2606
18061,IN,Harrison County,161,821,982
18063,IN,Hendricks County,840,4489,5329
18065,IN,Henry County,129,1244,1373
18067,IN,Howard County,249,1656,1905
18069,IN,Huntington County,119,959,1078
18071,IN,Jackson County,107,1289,1396
18073,IN,Jasper County,104,882,986
18075,IN,Jay County,45,675,720
18077,IN,Jefferson County,85,889,974
18079,IN,Jennings County,56,848,904
18081,IN,Johnson County,723,4563,5286
18083,IN,Knox County,139,910,1049
18085,IN,Kosciusko County,372,2795,3167
18087,IN,LaGrange County,64,718,782
18089,IN,Lake County,1722,14411,16133
18091,IN,LaPorte County,354,3187,3541
18093,IN,Lawrence County,158,1288,1446
18095,IN,Madison County,371,3827,4198
18097,IN,Marion County,5460,31490,36950
18099,IN,Marshall County,269,1649,1918
18101,IN,Martin County,27,304,331
18103,IN,Miami County,94,818,912
18105,IN,Monroe County,757,4458,5215
18107,IN,Montgomery County,148,1016,1164
18109,IN,Morgan County,312,2062,2374
18111,IN,Newton County,33,459,492
18113,IN,Noble County,110,1216,1326
18115,IN,Ohio County,.,.,152
18117,IN,Orange County,48,530,578
18119,IN,Owen County,70,717,787
18121,IN,Parke County,42,497,539
18123,IN,Perry County,38,476,514
18125,IN,Pike County,19,324,343
18127,IN,Porter County,692,4626,5318
18129,IN,Posey County,79,703,782
18131,IN,Pulaski County,47,413,460
18133,IN,Putnam County,91,921,1012
18135,IN,Randolph County,76,688,764
18137,IN,Ripley County,88,844,932
18139,IN,Rush County,109,677,786
18141,IN,St. Joseph County,1157,8565,9722
18143,IN,Scott County,77,594,671
18145,IN,Shelby County,204,1316,1520
18147,IN,Spencer County,72,590,662
18149,IN,Starke County,98,844,942
18151,IN,Steuben County,114,1048,1162
18153,IN,Sullivan County,24,524,548
18155,IN,Switzerland County,19,235,254
18157,IN,Tippecanoe County,723,3912,4635
18159,IN,Tipton County,71,419,490
18161,IN,Union County,.,.,194
18163,IN,Vanderburgh County,725,6061,6786
18165,IN,Vermillion County,42,483,525
18167,IN,Vigo County,286,3127,3413
18169,IN,Wabash County,42,987,1029
18171,IN,Warren County,35,226,261
18173,IN,Warrick County,316,2068,2384
18175,IN,Washington County,93,952,1045
18177,IN,Wayne County,118,1477,1595
18179,IN,Wells County,85,753,838
18181,IN,White County,129,669,798
18183,IN,Whitley County,139,923,1062
20001,KS,Allen County,73,368,441
20003,KS,Anderson County,44,237,281
20005,KS,Atchison County,84,367,451
20007,KS,Barber County,30,89,119
20009,KS,Barton County,114,665,779
20011,KS,Bourbon County,73,468,541
20013,KS,Brown County,59,212,271
20015,KS,Butler County,367,1445,1812
20017,KS,Chase County,14,86,100
20019,KS,Chautauqua County,29,116,145
20021,KS,Cherokee County,73,437,510
20023,KS,Cheyenne County,13,51,64
20025,KS,Clark County,.,.,42
20027,KS,Clay County,38,197,235
20029,KS,Cloud County,52,241,293
20031,KS,Coffey County,58,237,295
20033,KS,Comanche County,.,.,65
20035,KS,Cowley County,178,682,860
20037,KS,Crawford County,215,779,994
20039,KS,Decatur County,11,109,120
20041,KS,Dickinson County,90,574,664
20043,KS,Doniphan County,36,187,223
20045,KS,Douglas County,1338,3609,4947
20047,KS,Edwards County,13,87,100
20049,KS,Elk County,.,.,122
20051,KS,Ellis County,101,622,723
20053,KS,Ellsworth County,26,127,153
20055,KS,Finney County,165,810,975
20057,KS,Ford County,117,578,695
20059,KS,Franklin County,140,927,1067
20061,KS,Geary County,112,393,505
20063,KS,Gove County,.,.,90
20065,KS,Graham County,.,.,67
20067,KS,Grant County,31,135,166
20069,KS,Gray County,24,108,132
20071,KS,Greeley County,.,.,43
20073,KS,Greenwood County,33,198,231
20075,KS,Hamilton County,15,68,83
20077,KS,Harper County,25,126,151
20079,KS,Harvey County,216,774,990
20081,KS,Haskell County,14,112,126
20083,KS,Hodgeman County,13,56,69
20085,KS,Jackson County,46,322,368
20087,KS,Jefferson County,81,518,599
20089,KS,Jewell County,15,87,102
20091,KS,Johnson County,6402,19059,25461
20093,KS,Kearny County,16,80,96
20095,KS,Kingman County,44,182,226
20097,KS,Kiowa County,19,54,73
20099,KS,Labette County,74,446,520
20101,KS,Lane County,.,.,36
20103,KS,Leavenworth County,495,1677,2172
20207,KS,Woodson County,18,112,130
20105,KS,Lincoln County,.,.,106
20107,KS,Linn County,47,342,389
20109,KS,Logan County,14,68,82
20111,KS,Lyon County,166,1094,1260
20113,KS,McPherson County,164,606,770
20115,KS,Marion County,68,284,352
20117,KS,Marshall County,53,263,316
20119,KS,Meade County,11,71,82
20121,KS,Miami County,304,1051,1355
20123,KS,Mitchell County,41,174,215
20125,KS,Montgomery County,156,809,965
20127,KS,Morris County,43,191,234
20129,KS,Morton County,12,39,51
20131,KS,Nemaha County,71,200,271
20133,KS,Neosho County,83,413,496
20135,KS,Ness County,.,.,57
20137,KS,Norton County,14,139,153
20139,KS,Osage County,67,380,447
20141,KS,Osborne County,11,114,125
20143,KS,Ottawa County,26,144,170
20145,KS,Pawnee County,43,170,213
20147,KS,Phillips County,26,166,192
20149,KS,Pottawatomie County,100,496,596
20151,KS,Pratt County,40,199,239
20153,KS,Rawlins County,.,.,82
20155,KS,Reno County,322,1564,1886
20157,KS,Republic County,17,132,149
20159,KS,Rice County,45,187,232
20161,KS,Riley County,380,1044,1424
20163,KS,Rooks County,24,113,137
20165,KS,Rush County,19,55,74
20167,KS,Russell County,27,196,223
20169,KS,Saline County,270,1520,1790
20171,KS,Scott County,18,102,120
20173,KS,Sedgwick County,3150,12586,15736
20175,KS,Seward County,79,366,445
20177,KS,Shawnee County,1056,4172,5228
20179,KS,Sheridan County,16,94,110
20181,KS,Sherman County,27,149,176
20183,KS,Smith County,16,141,157
20185,KS,Stafford County,20,105,125
20187,KS,Stanton County,.,.,52
20189,KS,Stevens County,16,69,85
20191,KS,Sumner County,112,511,623
20193,KS,Thomas County,42,206,248
20195,KS,Trego County,16,81,97
20197,KS,Wabaunsee County,34,174,208
20199,KS,Wallace County,16,32,48
20201,KS,Washington County,29,147,176
20203,KS,Wichita County,11,47,58
20205,KS,Wilson County,53,220,273
20209,KS,Wyandotte County,1000,5564,6564
22001,LA,Acadia Parish,167,1546,1713
22003,LA,Allen Parish,51,403,454
22005,LA,Ascension Parish,451,3448,3899
22007,LA,Assumption Parish,70,754,824
22009,LA,Avoyelles Parish,76,1267,1343
22011,LA,Beauregard Parish,96,760,856
22013,LA,Bienville Parish,52,453,505
22015,LA,Bossier Parish,412,3179,3591
22017,LA,Caddo Parish,1005,8461,9466
22019,LA,Calcasieu Parish,731,5146,5877
22021,LA,Caldwell Parish,30,298,328
22023,LA,Cameron Parish,.,.,190
22025,LA,Catahoula Parish,70,444,514
22027,LA,Claiborne Parish,38,484,522
22029,LA,Concordia Parish,49,705,754
22031,LA,De Soto Parish,63,793,856
22033,LA,East Baton Rouge Parish,2999,20545,23544
22035,LA,East Carroll Parish,21,249,270
22037,LA,East Feliciana Parish,77,756,833
22039,LA,Evangeline Parish,70,716,786
22041,LA,Franklin Parish,56,824,880
22043,LA,Grant Parish,36,456,492
22045,LA,Iberia Parish,241,2087,2328
22047,LA,Iberville Parish,150,1298,1448
22049,LA,Jackson Parish,37,504,541
22051,LA,Jefferson Parish,2318,21818,24136
22053,LA,Jefferson Davis Parish,100,1108,1208
22055,LA,Lafayette Parish,1070,7388,8458
22057,LA,Lafourche Parish,238,2485,2723
22059,LA,La Salle Parish,35,305,340
22061,LA,Lincoln Parish,176,1460,1636
22063,LA,Livingston Parish,490,4369,4859
22065,LA,Madison Parish,28,363,391
22067,LA,Morehouse Parish,90,1039,1129
22069,LA,Natchitoches Parish,96,1076,1172
22071,LA,Orleans Parish,3302,17513,20815
22073,LA,Ouachita Parish,668,6196,6864
22075,LA,Plaquemines Parish,89,923,1012
22077,LA,Pointe Coupee Parish,78,904,982
22079,LA,Rapides Parish,382,3669,4051
22081,LA,Red River Parish,.,.,273
22083,LA,Richland Parish,60,786,846
22085,LA,Sabine Parish,36,566,602
22087,LA,St. Bernard Parish,175,1657,1832
22089,LA,St. Charles Parish,187,1587,1774
22091,LA,St. Helena Parish,57,496,553
22093,LA,St. James Parish,65,727,792
22095,LA,St. John the Baptist Parish,190,1737,1927
22097,LA,St. Landry Parish,248,2821,3069
22099,LA,St. Martin Parish,175,1744,1919
22101,LA,St. Mary Parish,139,1541,1680
22103,LA,St. Tammany Parish,1195,9943,11138
22105,LA,Tangipahoa Parish,528,4405,4933
22107,LA,Tensas Parish,.,.,214
22109,LA,Terrebonne Parish,342,2922,3264
22111,LA,Union Parish,60,789,849
22113,LA,Vermilion Parish,186,1750,1936
22115,LA,Vernon Parish,77,741,818
22117,LA,Washington Parish,144,1497,1641
22119,LA,Webster Parish,127,1301,1428
22121,LA,West Baton Rouge Parish,127,890,1017
22123,LA,West Carroll Parish,32,282,314
22125,LA,West Feliciana Parish,51,370,421
22127,LA,Winn Parish,29,395,424
23001,ME,Androscoggin County,372,3781,4153
23003,ME,Aroostook County,168,3713,3881
23005,ME,Cumberland County,3020,13588,16608
23007,ME,Franklin County,116,1673,1789
23009,ME,Hancock County,386,4594,4980
23011,ME,Kennebec County,490,4528,5018
23013,ME,Knox County,431,3518,3949
23015,ME,Lincoln County,241,2678,2919
23017,ME,Oxford County,228,3467,3695
23019,ME,Penobscot County,528,6195,6723
23021,ME,Piscataquis County,68,812,880
23023,ME,Sagadahoc County,241,1647,1888
23025,ME,Somerset County,105,2079,2184
23027,ME,Waldo County,235,2682,2917
23029,ME,Washington County,97,2143,2240
23031,ME,York County,1463,9514,10977
26001,MI,Alcona County,18,390,408
26003,MI,Alger County,20,380,400
26005,MI,Allegan County,403,3917,4320
26007,MI,Alpena County,67,1062,1129
26009,MI,Antrim County,108,1049,1157
26011,MI,Arenac County,34,508,542
26013,MI,Baraga County,25,299,324
26015,MI,Barry County,206,1790,1996
26017,MI,Bay County,285,2699,2984
26019,MI,Benzie County,103,846,949
26021,MI,Berrien County,507,5238,5745
26023,MI,Branch County,135,1327,1462
26025,MI,Calhoun County,288,3072,3360
26027,MI,Cass County,156,1721,1877
26029,MI,Charlevoix County,111,1218,1329
26031,MI,Cheboygan County,90,1123,1213
26033,MI,Chippewa County,98,810,908
26035,MI,Clare County,55,775,830
26037,MI,Clinton County,303,1854,2157
26039,MI,Crawford County,31,419,450
26041,MI,Delta County,85,1680,1765
26043,MI,Dickinson County,101,1309,1410
26045,MI,Eaton County,342,2556,2898
26047,MI,Emmet County,243,1926,2169
26049,MI,Genesee County,1196,9760,10956
26051,MI,Gladwin County,49,702,751
26053,MI,Gogebic County,38,679,717
26055,MI,Grand Traverse County,493,4114,4607
26057,MI,Gratiot County,98,1010,1108
26059,MI,Hillsdale County,85,1663,1748
26061,MI,Houghton County,104,1537,1641
26063,MI,Huron County,135,1343,1478
26065,MI,Ingham County,1288,6570,7858
26067,MI,Ionia County,145,1606,1751
26069,MI,Iosco County,50,836,886
26071,MI,Iron County,19,650,669
26073,MI,Isabella County,229,1410,1639
26075,MI,Jackson County,401,3836,4237
26077,MI,Kalamazoo County,953,6983,7936
26079,MI,Kalkaska County,52,536,588
26081,MI,Kent County,2921,17469,20390
26083,MI,Keweenaw County,.,.,128
26085,MI,Lake County,23,360,383
26087,MI,Lapeer County,360,3089,3449
26089,MI,Leelanau County,208,1418,1626
26091,MI,Lenawee County,257,2769,3026
26093,MI,Livingston County,856,6410,7266
26095,MI,Luce County,.,.,152
26097,MI,Mackinac County,49,496,545
26099,MI,Macomb County,4189,32386,36575
26101,MI,Manistee County,77,865,942
26103,MI,Marquette County,180,2347,2527
26105,MI,Mason County,86,1080,1166
26107,MI,Mecosta County,82,993,1075
26109,MI,Menominee County,74,1151,1225
26111,MI,Midland County,216,2125,2341
26113,MI,Missaukee County,69,621,690
26115,MI,Monroe County,472,3435,3907
26117,MI,Montcalm County,158,1897,2055
26119,MI,Montmorency County,15,317,332
26121,MI,Muskegon County,607,4443,5050
26123,MI,Newaygo County,104,1314,1418
26125,MI,Oakland County,8911,43286,52197
26127,MI,Oceana County,82,822,904
26129,MI,Ogemaw County,65,849,914
26131,MI,Ontonagon County,16,301,317
26133,MI,Osceola County,83,756,839
26135,MI,Oscoda County,26,313,339
26137,MI,Otsego County,96,1049,1145
26139,MI,Ottawa County,1030,7782,8812
26141,MI,Presque Isle County,49,581,630
26143,MI,Roscommon County,73,797,870
26145,MI,Saginaw County,432,4752,5184
26147,MI,St. Clair County,520,5684,6204
26149,MI,St. Joseph County,142,1593,1735
26151,MI,Sanilac County,143,1668,1811
26153,MI,Schoolcraft County,19,326,345
26155,MI,Shiawassee County,179,1905,2084
26157,MI,Tuscola County,140,1660,1800
26159,MI,Van Buren County,258,2560,2818
26161,MI,Washtenaw County,2320,10569,12889
26163,MI,Wayne County,7511,43884,51395
26165,MI,Wexford County,144,1167,1311
29001,MO,Adair County,64,777,841
29003,MO,Andrew County,58,526,584
29005,MO,Atchison County,18,220,238
29007,MO,Audrain County,62,727,789
29009,MO,Barry County,98,1639,1737
29011,MO,Barton County,36,515,551
29013,MO,Bates County,48,753,801
29015,MO,Benton County,60,943,1003
29017,MO,Bollinger County,28,530,558
29019,MO,Boone County,897,5070,5967
29021,MO,Buchanan County,192,2155,2347
29023,MO,Butler County,126,1209,1335
29025,MO,Caldwell County,18,287,305
29027,MO,Callaway County,146,1074,1220
29029,MO,Camden County,198,2176,2374
29031,MO,Cape Girardeau County,263,2029,2292
29033,MO,Carroll County,19,376,395
29035,MO,Carter County,.,.,271
29037,MO,Cass County,672,3482,4154
29039,MO,Cedar County,43,504,547
29041,MO,Chariton County,22,314,336
29043,MO,Christian County,362,4199,4561
29045,MO,Clark County,.,.,252
29047,MO,Clay County,1527,7128,8655
29049,MO,Clinton County,32,616,648
29051,MO,Cole County,236,1766,2002
29053,MO,Cooper County,60,577,637
29055,MO,Crawford County,55,832,887
29057,MO,Dade County,23,350,373
29059,MO,Dallas County,56,910,966
29061,MO,Daviess County,18,256,274
29063,MO,DeKalb County,30,357,387
29065,MO,Dent County,27,477,504
29067,MO,Douglas County,42,816,858
29069,MO,Dunklin County,92,923,1015
29071,MO,Franklin County,479,3803,4282
29073,MO,Gasconade County,60,649,709
29075,MO,Gentry County,13,328,341
29077,MO,Greene County,1316,13346,14662
29079,MO,Grundy County,20,228,248
29081,MO,Harrison County,18,296,314
29083,MO,Henry County,78,792,870
29085,MO,Hickory County,21,445,466
29087,MO,Holt County,.,.,196
29089,MO,Howard County,39,398,437
29091,MO,Howell County,95,1718,1813
29093,MO,Iron County,20,304,324
29095,MO,Jackson County,5014,23952,28966
29097,MO,Jasper County,399,3389,3788
29099,MO,Jefferson County,1186,8219,9405
29101,MO,Johnson County,191,1370,1561
29103,MO,Knox County,.,.,203
29105,MO,Laclede County,119,2205,2324
29107,MO,Lafayette County,138,1491,1629
29109,MO,Lawrence County,107,1498,1605
29111,MO,Lewis County,20,372,392
29113,MO,Lincoln County,174,1603,1777
29115,MO,Linn County,29,443,472
29117,MO,Livingston County,43,488,531
29119,MO,McDonald County,60,701,761
29121,MO,Macon County,30,583,613
29123,MO,Madison County,22,412,434
29125,MO,Maries County,15,247,262
29127,MO,Marion County,64,1041,1105
29129,MO,Mercer County,.,.,119
29131,MO,Miller County,73,1015,1088
29133,MO,Mississippi County,36,363,399
29135,MO,Moniteau County,48,378,426
29137,MO,Monroe County,28,325,353
29139,MO,Montgomery County,44,376,420
29141,MO,Morgan County,40,835,875
29143,MO,New Madrid County,53,509,562
29145,MO,Newton County,186,1882,2068
29147,MO,Nodaway County,73,777,850
29149,MO,Oregon County,17,485,502
29151,MO,Osage County,39,362,401
29153,MO,Ozark County,27,461,488
29155,MO,Pemiscot County,69,655,724
29157,MO,Perry County,48,533,581
29159,MO,Pettis County,118,1539,1657
29161,MO,Phelps County,90,1273,1363
29163,MO,Pike County,42,570,612
29165,MO,Platte County,669,2835,3504
29167,MO,Polk County,97,1314,1411
29169,MO,Pulaski County,67,819,886
29171,MO,Putnam County,.,.,190
29173,MO,Ralls County,21,369,390
29175,MO,Randolph County,54,667,721
29177,MO,Ray County,71,968,1039
29179,MO,Reynolds County,14,205,219
29181,MO,Ripley County,17,418,435
29183,MO,St. Charles County,2166,11584,13750
29185,MO,St. Clair County,15,394,409
29186,MO,Ste. Genevieve County,67,529,596
29187,MO,St. Francois County,145,1677,1822
29189,MO,St. Louis County,7204,41114,48318
29195,MO,Saline County,55,598,653
29197,MO,Schuyler County,.,.,175
29199,MO,Scotland County,16,222,238
29201,MO,Scott County,95,1046,1141
29203,MO,Shannon County,16,611,627
29205,MO,Shelby County,.,.,382
29207,MO,Stoddard County,102,880,982
29209,MO,Stone County,142,2131,2273
29211,MO,Sullivan County,19,182,201
29213,MO,Taney County,252,3654,3906
29215,MO,Texas County,30,882,912
29217,MO,Vernon County,56,695,751
29219,MO,Warren County,111,957,1068
29221,MO,Washington County,39,667,706
29223,MO,Wayne County,21,477,498
29225,MO,Webster County,136,1865,2001
29227,MO,Worth County,.,.,129
29229,MO,Wright County,48,923,971
29510,MO,St. Louis city,2620,14844,17464
28001,MS,Adams County,50,1276,1326
28003,MS,Alcorn County,47,863,910
28005,MS,Amite County,32,427,459
28007,MS,Attala County,17,522,539
28009,MS,Benton County,15,199,214
28011,MS,Bolivar County,79,1273,1352
28013,MS,Calhoun County,16,340,356
28015,MS,Carroll County,15,253,268
28017,MS,Chickasaw County,35,529,564
28019,MS,Choctaw County,.,.,159
28021,MS,Claiborne County,37,316,353
28023,MS,Clarke County,23,398,421
28025,MS,Clay County,38,562,600
28027,MS,Coahoma County,79,636,715
28029,MS,Copiah County,67,1141,1208
28031,MS,Covington County,35,660,695
28033,MS,DeSoto County,608,5748,6356
28035,MS,Forrest County,156,2230,2386
28037,MS,Franklin County,15,280,295
28039,MS,George County,22,353,375
28041,MS,Greene County,12,299,311
28043,MS,Grenada County,35,711,746
28045,MS,Hancock County,63,1613,1676
28047,MS,Harrison County,384,4144,4528
28049,MS,Hinds County,1281,18730,20011
28051,MS,Holmes County,33,745,778
28053,MS,Humphreys County,22,328,350
28055,MS,Issaquena County,.,.,21
28057,MS,Itawamba County,12,407,419
28059,MS,Jackson County,278,3166,3444
28061,MS,Jasper County,41,540,581
28063,MS,Jefferson County,25,399,424
28065,MS,Jefferson Davis County,16,377,393
28067,MS,Jones County,98,1788,1886
28069,MS,Kemper County,31,315,346
28071,MS,Lafayette County,140,882,1022
28073,MS,Lamar County,90,1394,1484
28075,MS,Lauderdale County,176,1915,2091
28077,MS,Lawrence County,13,515,528
28079,MS,Leake County,27,541,568
28081,MS,Lee County,177,1892,2069
28083,MS,Leflore County,44,927,971
28085,MS,Lincoln County,52,1101,1153
28087,MS,Lowndes County,134,1616,1750
28089,MS,Madison County,411,5339,5750
28091,MS,Marion County,36,951,987
28093,MS,Marshall County,92,1220,1312
28095,MS,Monroe County,66,752,818
28097,MS,Montgomery County,14,308,322
28099,MS,Neshoba County,54,404,458
28101,MS,Newton County,25,493,518
28103,MS,Noxubee County,36,324,360
28105,MS,Oktibbeha County,102,872,974
28107,MS,Panola County,65,926,991
28109,MS,Pearl River County,78,1665,1743
28111,MS,Perry County,18,320,338
28113,MS,Pike County,74,1425,1499
28115,MS,Pontotoc County,48,577,625
28117,MS,Prentiss County,37,497,534
28119,MS,Quitman County,22,204,226
28121,MS,Rankin County,384,5507,5891
28123,MS,Scott County,41,622,663
28125,MS,Sharkey County,.,.,218
28127,MS,Simpson County,49,761,810
28129,MS,Smith County,39,461,500
28131,MS,Stone County,25,302,327
28133,MS,Sunflower County,57,1017,1074
28135,MS,Tallahatchie County,20,384,404
28137,MS,Tate County,55,839,894
28139,MS,Tippah County,22,424,446
28141,MS,Tishomingo County,15,492,507
28143,MS,Tunica County,41,358,399
28145,MS,Union County,33,512,545
28147,MS,Walthall County,31,698,729
28149,MS,Warren County,80,1367,1447
28151,MS,Washington County,95,1774,1869
28153,MS,Wayne County,25,739,764
28155,MS,Webster County,.,.,198
28157,MS,Wilkinson County,17,364,381
28159,MS,Winston County,36,758,794
28161,MS,Yalobusha County,25,276,301
28163,MS,Yazoo County,63,743,806
30001,MT,Beaverhead County,65,436,501
30003,MT,Big Horn County,55,309,364
30005,MT,Blaine County,22,292,314
30007,MT,Broadwater County,51,211,262
30009,MT,Carbon County,111,699,810
30011,MT,Carter County,12,65,77
30013,MT,Cascade County,447,2432,2879
30015,MT,Chouteau County,41,316,357
30017,MT,Custer County,66,344,410
30019,MT,Daniels County,13,69,82
30021,MT,Dawson County,53,383,436
30023,MT,Deer Lodge County,53,280,333
30025,MT,Fallon County,18,82,100
30027,MT,Fergus County,96,601,697
30029,MT,Flathead County,872,5499,6371
30031,MT,Gallatin County,1606,6220,7826
30033,MT,Garfield County,28,126,154
30035,MT,Glacier County,39,245,284
30037,MT,Golden Valley County,.,.,54
30039,MT,Granite County,28,198,226
30041,MT,Hill County,98,635,733
30043,MT,Jefferson County,58,436,494
30045,MT,Judith Basin County,16,128,144
30047,MT,Lake County,198,1378,1576
30049,MT,Lewis and Clark County,506,2228,2734
30051,MT,Liberty County,15,140,155
30053,MT,Lincoln County,115,940,1055
30055,MT,McCone County,18,84,102
30057,MT,Madison County,72,652,724
30059,MT,Meagher County,.,.,100
30061,MT,Mineral County,25,227,252
30063,MT,Missoula County,1433,6283,7716
30065,MT,Musselshell County,23,178,201
30067,MT,Park County,181,1193,1374
30069,MT,Petroleum County,.,.,47
30071,MT,Phillips County,39,216,255
30073,MT,Pondera County,28,199,227
30075,MT,Powder River County,.,.,123
30077,MT,Powell County,32,171,203
30079,MT,Prairie County,18,50,68
30081,MT,Ravalli County,387,2193,2580
30083,MT,Richland County,81,216,297
30085,MT,Roosevelt County,119,392,511
30087,MT,Rosebud County,33,177,210
30089,MT,Sanders County,85,662,747
30091,MT,Sheridan County,42,153,195
30093,MT,Silver Bow County,255,1250,1505
30095,MT,Stillwater County,45,313,358
30097,MT,Sweet Grass County,28,281,309
30099,MT,Teton County,47,331,378
30101,MT,Toole County,22,206,228
30103,MT,Treasure County,.,.,49
30105,MT,Valley County,48,347,395
30107,MT,Wheatland County,14,97,111
30109,MT,Wibaux County,.,.,57
30111,MT,Yellowstone County,1038,4472,5510
37001,NC,Alamance County,605,6565,7170
37003,NC,Alexander County,142,2038,2180
37005,NC,Alleghany County,23,742,765
37007,NC,Anson County,75,1132,1207
37009,NC,Ashe County,78,1873,1951
37011,NC,Avery County,49,1372,1421
37013,NC,Beaufort County,134,3325,3459
37015,NC,Bertie County,41,775,816
37017,NC,Bladen County,180,1699,1879
37019,NC,Brunswick County,567,6929,7496
37021,NC,Buncombe County,1856,19452,21308
37023,NC,Burke County,276,3788,4064
37025,NC,Cabarrus County,988,10188,11176
37027,NC,Caldwell County,226,4079,4305
37029,NC,Camden County,.,.,379
37031,NC,Carteret County,230,4383,4613
37033,NC,Caswell County,51,1019,1070
37035,NC,Catawba County,579,8760,9339
37037,NC,Chatham County,432,3297,3729
37039,NC,Cherokee County,60,1530,1590
37041,NC,Chowan County,45,616,661
37043,NC,Clay County,38,673,711
37045,NC,Cleveland County,324,4324,4648
37047,NC,Columbus County,179,2785,2964
37049,NC,Craven County,230,4286,4516
37051,NC,Cumberland County,1342,11695,13037
37053,NC,Currituck County,106,1264,1370
37055,NC,Dare County,218,3567,3785
37057,NC,Davidson County,432,8056,8488
37059,NC,Davie County,159,2042,2201
37061,NC,Duplin County,105,2503,2608
37063,NC,Durham County,2460,12669,15129
37065,NC,Edgecombe County,142,2361,2503
37067,NC,Forsyth County,1475,18385,19860
37069,NC,Franklin County,260,3318,3578
37071,NC,Gaston County,814,9296,10110
37073,NC,Gates County,.,.,336
37075,NC,Graham County,23,449,472
37077,NC,Granville County,215,2357,2572
37079,NC,Greene County,40,865,905
37081,NC,Guilford County,2595,29663,32258
37083,NC,Halifax County,124,2329,2453
37085,NC,Harnett County,396,4522,4918
37087,NC,Haywood County,260,3364,3624
37089,NC,Henderson County,428,6001,6429
37091,NC,Hertford County,61,781,842
37093,NC,Hoke County,173,1937,2110
37095,NC,Hyde County,24,339,363
37097,NC,Iredell County,827,10231,11058
37099,NC,Jackson County,121,1614,1735
37101,NC,Johnston County,760,7935,8695
37103,NC,Jones County,29,499,528
37105,NC,Lee County,204,2563,2767
37107,NC,Lenoir County,149,2247,2396
37109,NC,Lincoln County,346,3781,4127
37111,NC,McDowell County,102,2148,2250
37113,NC,Macon County,122,2435,2557
37115,NC,Madison County,62,1455,1517
37117,NC,Martin County,58,1361,1419
37119,NC,Mecklenburg County,6753,63172,69925
37121,NC,Mitchell County,51,1093,1144
37123,NC,Montgomery County,69,1012,1081
37125,NC,Moore County,370,4767,5137
37127,NC,Nash County,339,4393,4732
37129,NC,New Hanover County,1365,14611,15976
37131,NC,Northampton County,40,703,743
37133,NC,Onslow County,428,5459,5887
37135,NC,Orange County,1212,5885,7097
37137,NC,Pamlico County,35,692,727
37139,NC,Pasquotank County,128,1366,1494
37141,NC,Pender County,229,3257,3486
37143,NC,Perquimans County,36,487,523
37145,NC,Person County,136,1897,2033
37147,NC,Pitt County,529,7737,8266
37149,NC,Polk County,79,1201,1280
37151,NC,Randolph County,399,7372,7771
37153,NC,Richmond County,125,1760,1885
37155,NC,Robeson County,603,9280,9883
37157,NC,Rockingham County,238,5153,5391
37159,NC,Rowan County,372,7472,7844
37161,NC,Rutherford County,183,3468,3651
37163,NC,Sampson County,192,2812,3004
37165,NC,Scotland County,109,1455,1564
37167,NC,Stanly County,208,2933,3141
37169,NC,Stokes County,100,2241,2341
37171,NC,Surry County,190,3681,3871
37173,NC,Swain County,40,777,817
37175,NC,Transylvania County,109,2257,2366
37177,NC,Tyrrell County,.,.,339
37179,NC,Union County,1125,12449,13574
37181,NC,Vance County,135,2227,2362
37183,NC,Wake County,8156,49844,58000
37185,NC,Warren County,51,850,901
37187,NC,Washington County,51,726,777
37189,NC,Watauga County,203,3142,3345
37191,NC,Wayne County,265,4061,4326
37193,NC,Wilkes County,136,3894,4030
37195,NC,Wilson County,289,3809,4098
37197,NC,Yadkin County,128,1731,1859
37199,NC,Yancey County,72,1167,1239
38001,ND,Adams County,19,104,123
38003,ND,Barnes County,45,318,363
38005,ND,Benson County,.,.,110
38007,ND,Billings County,.,.,30
38009,ND,Bottineau County,11,159,170
38011,ND,Bowman County,.,.,127
38013,ND,Burke County,14,48,62
38015,ND,Burleigh County,239,1507,1746
38017,ND,Cass County,645,2976,3621
38019,ND,Cavalier County,24,122,146
38021,ND,Dickey County,17,182,199
38023,ND,Divide County,12,68,80
38025,ND,Dunn County,36,96,132
38027,ND,Eddy County,13,76,89
38029,ND,Emmons County,13,210,223
38031,ND,Foster County,.,.,131
38033,ND,Golden Valley County,.,.,93
38035,ND,Grand Forks County,189,1202,1391
38037,ND,Grant County,13,91,104
38039,ND,Griggs County,15,71,86
38041,ND,Hettinger County,.,.,114
38043,ND,Kidder County,20,158,178
38045,ND,LaMoure County,18,145,163
38047,ND,Logan County,14,139,153
38049,ND,McHenry County,16,196,212
38051,ND,McIntosh County,.,.,147
38053,ND,McKenzie County,87,172,259
38055,ND,McLean County,25,256,281
38057,ND,Mercer County,23,176,199
38059,ND,Morton County,97,608,705
38061,ND,Mountrail County,56,128,184
38063,ND,Nelson County,20,103,123
38065,ND,Oliver County,.,.,40
38067,ND,Pembina County,22,182,204
38069,ND,Pierce County,28,143,171
38071,ND,Ramsey County,28,199,227
38073,ND,Ransom County,16,114,130
38075,ND,Renville County,.,.,50
38077,ND,Richland County,66,404,470
38079,ND,Rolette County,.,.,979
38081,ND,Sargent County,.,.,135
38083,ND,Sheridan County,.,.,100
38085,ND,Sioux County,.,.,26
38087,ND,Slope County,.,.,51
38089,ND,Stark County,120,632,752
38091,ND,Steele County,.,.,76
38093,ND,Stutsman County,38,454,492
38095,ND,Towner County,47,111,158
38097,ND,Traill County,21,214,235
38099,ND,Walsh County,27,242,269
38101,ND,Ward County,190,984,1174
38103,ND,Wells County,13,116,129
38105,ND,Williams County,186,372,558
31001,NE,Adams County,162,1199,1361
31003,NE,Antelope County,40,422,462
31005,NE,Arthur County,.,.,30
31007,NE,Banner County,.,.,55
31009,NE,Blaine County,.,.,66
31011,NE,Boone County,54,378,432
31013,NE,Box Butte County,35,390,425
31015,NE,Boyd County,.,.,140
31017,NE,Brown County,.,.,190
31019,NE,Buffalo County,213,1803,2016
31021,NE,Burt County,35,340,375
31023,NE,Butler County,35,357,392
31025,NE,Cass County,147,770,917
31027,NE,Cedar County,68,473,541
31029,NE,Chase County,20,224,244
31031,NE,Cherry County,33,518,551
31033,NE,Cheyenne County,37,248,285
31035,NE,Clay County,49,325,374
31037,NE,Colfax County,39,333,372
31039,NE,Cuming County,45,547,592
31041,NE,Custer County,71,655,726
31043,NE,Dakota County,52,499,551
31045,NE,Dawes County,26,303,329
31047,NE,Dawson County,86,829,915
31049,NE,Deuel County,.,.,87
31051,NE,Dixon County,19,225,244
31053,NE,Dodge County,137,1295,1432
31055,NE,Douglas County,2920,15787,18707
31057,NE,Dundy County,.,.,141
31059,NE,Fillmore County,39,285,324
31061,NE,Franklin County,17,184,201
31063,NE,Frontier County,14,120,134
31065,NE,Furnas County,23,232,255
31067,NE,Gage County,88,830,918
31069,NE,Garden County,11,172,183
31071,NE,Garfield County,19,240,259
31073,NE,Gosper County,.,.,92
31075,NE,Grant County,.,.,105
31077,NE,Greeley County,15,222,237
31079,NE,Hall County,251,1796,2047
31081,NE,Hamilton County,40,340,380
31083,NE,Harlan County,13,172,185
31085,NE,Hayes County,.,.,75
31087,NE,Hitchcock County,25,206,231
31089,NE,Holt County,75,1075,1150
31091,NE,Hooker County,.,.,95
31093,NE,Howard County,27,259,286
31095,NE,Jefferson County,27,288,315
31097,NE,Johnson County,17,141,158
31099,NE,Kearney County,22,314,336
31101,NE,Keith County,32,485,517
31103,NE,Keya Paha County,.,.,57
31105,NE,Kimball County,18,108,126
31107,NE,Knox County,39,569,608
31109,NE,Lancaster County,1690,8659,10349
31111,NE,Lincoln County,155,1121,1276
31113,NE,Logan County,14,49,63
31115,NE,Loup County,.,.,77
31117,NE,McPherson County,.,.,22
31119,NE,Madison County,204,1372,1576
31121,NE,Merrick County,48,348,396
31123,NE,Morrill County,23,268,291
31125,NE,Nance County,32,166,198
31127,NE,Nemaha County,19,198,217
31129,NE,Nuckolls County,38,270,308
31131,NE,Otoe County,88,602,690
31133,NE,Pawnee County,18,105,123
31135,NE,Perkins County,22,252,274
31137,NE,Phelps County,38,424,462
31139,NE,Pierce County,19,338,357
31141,NE,Platte County,154,1191,1345
31143,NE,Polk County,34,182,216
31145,NE,Red Willow County,52,466,518
31147,NE,Richardson County,46,312,358
31149,NE,Rock County,13,108,121
31151,NE,Saline County,44,329,373
31153,NE,Sarpy County,798,4052,4850
31155,NE,Saunders County,80,946,1026
31157,NE,Scotts Bluff County,255,1870,2125
31159,NE,Seward County,47,547,594
31161,NE,Sheridan County,33,299,332
31163,NE,Sherman County,.,.,188
31165,NE,Sioux County,.,.,69
31167,NE,Stanton County,42,309,351
31169,NE,Thayer County,22,240,262
31171,NE,Thomas County,15,100,115
31173,NE,Thurston County,.,.,120
31175,NE,Valley County,24,376,400
31177,NE,Washington County,90,636,726
31179,NE,Wayne County,46,279,325
31181,NE,Webster County,17,183,200
31183,NE,Wheeler County,.,.,93
31185,NE,York County,48,481,529
33001,NH,Belknap County,753,2039,2792
33003,NH,Carroll County,880,2962,3842
33005,NH,Cheshire County,822,2466,3288
33007,NH,Coos County,230,1311,1541
33009,NH,Grafton County,1106,2772,3878
33011,NH,Hillsborough County,4564,9882,14446
33013,NH,Merrimack County,1477,3546,5023
33015,NH,Rockingham County,4277,8298,12575
33017,NH,Strafford County,1333,2992,4325
33019,NH,Sullivan County,321,972,1293
34001,NJ,Atlantic County,969,8214,9183
34003,NJ,Bergen County,5781,26429,32210
34005,NJ,Burlington County,2155,9597,11752
34007,NJ,Camden County,2410,12565,14975
34009,NJ,Cape May County,477,3104,3581
34011,NJ,Cumberland County,301,2483,2784
34013,NJ,Essex County,3621,17357,20978
34015,NJ,Gloucester County,1161,6686,7847
34017,NJ,Hudson County,3628,15594,19222
34019,NJ,Hunterdon County,774,3186,3960
34021,NJ,Mercer County,1827,6669,8496
34023,NJ,Middlesex County,4541,19417,23958
34025,NJ,Monmouth County,3293,14915,18208
34027,NJ,Morris County,2823,10718,13541
34029,NJ,Ocean County,2036,13549,15585
34031,NJ,Passaic County,1934,12854,14788
34033,NJ,Salem County,176,1169,1345
34035,NJ,Somerset County,1922,7063,8985
34037,NJ,Sussex County,656,3777,4433
34039,NJ,Union County,2206,13284,15490
34041,NJ,Warren County,461,2516,2977
35001,NM,Bernalillo County,5579,11880,17459
35003,NM,Catron County,14,121,135
35005,NM,Chaves County,211,1352,1563
35006,NM,Cibola County,59,267,326
35007,NM,Colfax County,51,370,421
35009,NM,Curry County,295,970,1265
35011,NM,De Baca County,.,.,84
35013,NM,Dona Ana County,1095,4586,5681
35015,NM,Eddy County,337,1018,1355
35017,NM,Grant County,86,680,766
35019,NM,Guadalupe County,15,101,116
35021,NM,Harding County,.,.,13
35023,NM,Hidalgo County,12,98,110
35025,NM,Lea County,373,930,1303
35027,NM,Lincoln County,132,667,799
35028,NM,Los Alamos County,121,179,300
35029,NM,Luna County,70,433,503
35031,NM,McKinley County,102,525,627
35033,NM,Mora County,25,122,147
35035,NM,Otero County,179,961,1140
35037,NM,Quay County,24,175,199
35039,NM,Rio Arriba County,159,686,845
35041,NM,Roosevelt County,56,340,396
35043,NM,Sandoval County,1012,2133,3145
35045,NM,San Juan County,354,1124,1478
35047,NM,San Miguel County,106,476,582
35049,NM,Santa Fe County,2183,5165,7348
35051,NM,Sierra County,20,222,242
35053,NM,Socorro County,60,293,353
35055,NM,Taos County,304,1457,1761
35057,NM,Torrance County,82,298,380
35059,NM,Union County,20,96,116
35061,NM,Valencia County,363,1033,1396
32001,NV,Churchill County,22,596,618
32003,NV,Clark County,6539,44820,51359
32005,NV,Douglas County,116,2069,2185
32007,NV,Elko County,48,734,782
32009,NV,Esmeralda County,0,15,15
32011,NV,Eureka County,.,.,36
32013,NV,Humboldt County,13,380,393
32015,NV,Lander County,.,.,143
32017,NV,Lincoln County,.,.,50
32019,NV,Lyon County,93,1291,1384
32021,NV,Mineral County,.,.,59
32023,NV,Nye County,90,716,806
32027,NV,Pershing County,.,.,117
32029,NV,Storey County,.,.,183
32031,NV,Washoe County,1224,12494,13718
32033,NV,White Pine County,.,.,158
32510,NV,Carson City,107,1483,1590
39001,OH,Adams County,56,491,547
39003,OH,Allen County,160,1459,1619
39005,OH,Ashland County,122,994,1116
39007,OH,Ashtabula County,193,2135,2328
39009,OH,Athens County,77,1041,1118
39011,OH,Auglaize County,64,724,788
39013,OH,Belmont County,106,1169,1275
39015,OH,Brown County,106,804,910
39017,OH,Butler County,1381,6111,7492
39019,OH,Carroll County,64,453,517
39021,OH,Champaign County,48,546,594
39023,OH,Clark County,291,1734,2025
39025,OH,Clermont County,815,4024,4839
39027,OH,Clinton County,117,725,842
39029,OH,Columbiana County,172,2220,2392
39031,OH,Coshocton County,55,711,766
39033,OH,Crawford County,59,704,763
39035,OH,Cuyahoga County,5550,22518,28068
39037,OH,Darke County,100,891,991
39039,OH,Defiance County,78,474,552
39041,OH,Delaware County,830,2603,3433
39043,OH,Erie County,155,1362,1517
39045,OH,Fairfield County,453,2087,2540
39047,OH,Fayette County,38,393,431
39049,OH,Franklin County,5950,20018,25968
39051,OH,Fulton County,111,687,798
39053,OH,Gallia County,29,380,409
39055,OH,Geauga County,476,2269,2745
39057,OH,Greene County,461,2110,2571
39059,OH,Guernsey County,77,591,668
39061,OH,Hamilton County,3951,13943,17894
39063,OH,Hancock County,121,1134,1255
39065,OH,Hardin County,31,400,431
39067,OH,Harrison County,30,247,277
39069,OH,Henry County,68,485,553
39071,OH,Highland County,84,711,795
39073,OH,Hocking County,27,562,589
39075,OH,Holmes County,48,468,516
39077,OH,Huron County,111,860,971
39079,OH,Jackson County,28,442,470
39081,OH,Jefferson County,136,1343,1479
39083,OH,Knox County,95,1077,1172
39085,OH,Lake County,1032,4894,5926
39087,OH,Lawrence County,68,834,902
39089,OH,Licking County,498,2401,2899
39091,OH,Logan County,50,664,714
39093,OH,Lorain County,988,5151,6139
39095,OH,Lucas County,1355,6289,7644
39097,OH,Madison County,85,551,636
39099,OH,Mahoning County,551,5129,5680
39101,OH,Marion County,69,663,732
39103,OH,Medina County,723,3476,4199
39105,OH,Meigs County,15,407,422
39107,OH,Mercer County,55,718,773
39109,OH,Miami County,274,1735,2009
39111,OH,Monroe County,17,314,331
39113,OH,Montgomery County,1542,8479,10021
39115,OH,Morgan County,.,.,276
39117,OH,Morrow County,84,529,613
39119,OH,Muskingum County,108,1517,1625
39121,OH,Noble County,35,208,243
39123,OH,Ottawa County,131,784,915
39125,OH,Paulding County,26,332,358
39127,OH,Perry County,50,566,616
39129,OH,Pickaway County,130,651,781
39131,OH,Pike County,19,361,380
39133,OH,Portage County,499,2916,3415
39135,OH,Preble County,110,633,743
39137,OH,Putnam County,45,425,470
39139,OH,Richland County,150,1910,2060
39141,OH,Ross County,92,1165,1257
39143,OH,Sandusky County,94,911,1005
39145,OH,Scioto County,75,1005,1080
39147,OH,Seneca County,51,866,917
39149,OH,Shelby County,74,701,775
39151,OH,Stark County,1036,6759,7795
39153,OH,Summit County,1952,11402,13354
39155,OH,Trumbull County,449,4757,5206
39157,OH,Tuscarawas County,113,1416,1529
39159,OH,Union County,127,645,772
39161,OH,Van Wert County,43,507,550
39163,OH,Vinton County,.,.,183
39165,OH,Warren County,1007,3695,4702
39167,OH,Washington County,132,1396,1528
39169,OH,Wayne County,229,1859,2088
39171,OH,Williams County,27,557,584
39173,OH,Wood County,441,1628,2069
39175,OH,Wyandot County,31,351,382
40001,OK,Adair County,92,362,454
40003,OK,Alfalfa County,33,131,164
40005,OK,Atoka County,74,288,362
40007,OK,Beaver County,29,125,154
40009,OK,Beckham County,113,543,656
40011,OK,Blaine County,44,234,278
40013,OK,Bryan County,144,901,1045
40015,OK,Caddo County,110,631,741
40017,OK,Canadian County,1097,3296,4393
40019,OK,Carter County,273,954,1227
40021,OK,Cherokee County,140,1033,1173
40023,OK,Choctaw County,76,404,480
40025,OK,Cimarron County,.,.,81
40027,OK,Cleveland County,2588,7062,9650
40029,OK,Coal County,23,83,106
40031,OK,Comanche County,678,2284,2962
40033,OK,Cotton County,18,117,135
40035,OK,Craig County,88,429,517
40037,OK,Creek County,367,1784,2151
40039,OK,Custer County,187,656,843
40041,OK,Delaware County,172,1267,1439
40043,OK,Dewey County,26,119,145
40045,OK,Ellis County,12,114,126
40047,OK,Garfield County,269,1695,1964
40049,OK,Garvin County,124,852,976
40051,OK,Grady County,357,1427,1784
40053,OK,Grant County,32,148,180
40055,OK,Greer County,16,142,158
40057,OK,Harmon County,.,.,78
40059,OK,Harper County,17,109,126
40061,OK,Haskell County,72,446,518
40063,OK,Hughes County,78,307,385
40065,OK,Jackson County,84,470,554
40067,OK,Jefferson County,24,152,176
40069,OK,Johnston County,31,231,262
40071,OK,Kay County,165,917,1082
40073,OK,Kingfisher County,134,442,576
40075,OK,Kiowa County,52,182,234
40077,OK,Latimer County,49,296,345
40079,OK,Le Flore County,187,1533,1720
40081,OK,Lincoln County,208,960,1168
40083,OK,Logan County,412,1392,1804
40085,OK,Love County,57,188,245
40087,OK,McClain County,333,1003,1336
40089,OK,McCurtain County,140,768,908
40091,OK,McIntosh County,88,744,832
40093,OK,Major County,52,185,237
40095,OK,Marshall County,54,284,338
40097,OK,Mayes County,131,930,1061
40099,OK,Murray County,42,237,279
40101,OK,Muskogee County,342,1565,1907
40103,OK,Noble County,55,230,285
40105,OK,Nowata County,47,276,323
40107,OK,Okfuskee County,35,277,312
40109,OK,Oklahoma County,7298,23031,30329
40111,OK,Okmulgee County,166,869,1035
40113,OK,Osage County,242,1159,1401
40115,OK,Ottawa County,103,653,756
40117,OK,Pawnee County,99,379,478
40119,OK,Payne County,535,1765,2300
40121,OK,Pittsburg County,159,1014,1173
40123,OK,Pontotoc County,229,758,987
40125,OK,Pottawatomie County,386,1551,1937
40127,OK,Pushmataha County,40,349,389
40129,OK,Roger Mills County,24,75,99
40131,OK,Rogers County,497,2050,2547
40133,OK,Seminole County,107,616,723
40135,OK,Sequoyah County,134,932,1066
40137,OK,Stephens County,213,1052,1265
40139,OK,Texas County,41,456,497
40141,OK,Tillman County,28,169,197
40143,OK,Tulsa County,4901,17586,22487
40145,OK,Wagoner County,456,1915,2371
40147,OK,Washington County,210,1231,1441
40149,OK,Washita County,41,318,359
40151,OK,Woods County,25,209,234
40153,OK,Woodward County,53,551,604
41001,OR,Baker County,45,373,418
41003,OR,Benton County,435,1617,2052
41005,OR,Clackamas County,2760,7816,10576
41007,OR,Clatsop County,268,1101,1369
41009,OR,Columbia County,217,882,1099
41011,OR,Coos County,215,1493,1708
41013,OR,Crook County,77,552,629
41015,OR,Curry County,120,705,825
41017,OR,Deschutes County,1648,6421,8069
41019,OR,Douglas County,344,1900,2244
41021,OR,Gilliam County,.,.,44
41023,OR,Grant County,22,137,159
41025,OR,Harney County,45,189,234
41027,OR,Hood River County,294,865,1159
41029,OR,Jackson County,1148,5556,6704
41031,OR,Jefferson County,60,433,493
41033,OR,Josephine County,360,2349,2709
41035,OR,Klamath County,229,1177,1406
41037,OR,Lake County,30,173,203
41039,OR,Lane County,1875,8322,10197
41041,OR,Lincoln County,290,1467,1757
41043,OR,Linn County,439,2183,2622
41045,OR,Malheur County,118,509,627
41047,OR,Marion County,1325,5302,6627
41049,OR,Morrow County,31,114,145
41051,OR,Multnomah County,7908,18233,26141
41053,OR,Polk County,341,1292,1633
41055,OR,Sherman County,.,.,43
41057,OR,Tillamook County,135,708,843
41059,OR,Umatilla County,212,1085,1297
41061,OR,Union County,123,666,789
41063,OR,Wallowa County,76,361,437
41065,OR,Wasco County,113,628,741
41067,OR,Washington County,3776,9953,13729
41069,OR,Wheeler County,.,.,31
41071,OR,Yamhill County,491,1772,2263
42001,PA,Adams County,658,2803,3461
42003,PA,Allegheny County,13096,29688,42784
42005,PA,Armstrong County,353,1640,1993
42007,PA,Beaver County,1267,4005,5272
42009,PA,Bedford County,285,1448,1733
42011,PA,Berks County,3184,11047,14231
42013,PA,Blair County,605,2667,3272
42015,PA,Bradford County,315,1297,1612
42017,PA,Bucks County,5925,27432,33357
42019,PA,Butler County,1661,3849,5510
42021,PA,Cambria County,736,3860,4596
42023,PA,Cameron County,20,122,142
42025,PA,Carbon County,330,2018,2348
42027,PA,Centre County,871,2429,3300
42029,PA,Chester County,4752,16297,21049
42031,PA,Clarion County,219,1328,1547
42033,PA,Clearfield County,360,2101,2461
42035,PA,Clinton County,126,667,793
42037,PA,Columbia County,304,1387,1691
42039,PA,Crawford County,386,1718,2104
42041,PA,Cumberland County,1547,5654,7201
42043,PA,Dauphin County,1804,6074,7878
42045,PA,Delaware County,4474,23878,28352
42047,PA,Elk County,172,803,975
42049,PA,Erie County,1595,5503,7098
42051,PA,Fayette County,962,3979,4941
42053,PA,Forest County,17,138,155
42055,PA,Franklin County,818,3316,4134
42057,PA,Fulton County,86,317,403
42059,PA,Greene County,281,621,902
42061,PA,Huntingdon County,233,1092,1325
42063,PA,Indiana County,561,1700,2261
42065,PA,Jefferson County,193,1187,1380
42067,PA,Juniata County,97,557,654
42069,PA,Lackawanna County,972,6095,7067
42071,PA,Lancaster County,4362,13392,17754
42073,PA,Lawrence County,492,2115,2607
42075,PA,Lebanon County,780,2902,3682
42077,PA,Lehigh County,2714,10999,13713
42079,PA,Luzerne County,1270,8233,9503
42081,PA,Lycoming County,495,2398,2893
42083,PA,McKean County,211,699,910
42085,PA,Mercer County,541,2254,2795
42087,PA,Mifflin County,160,908,1068
42089,PA,Monroe County,1033,5627,6660
42091,PA,Montgomery County,7646,32053,39699
42093,PA,Montour County,70,260,330
42095,PA,Northampton County,2406,8942,11348
42097,PA,Northumberland County,332,1846,2178
42099,PA,Perry County,264,1257,1521
42101,PA,Philadelphia County,9970,65113,75083
42103,PA,Pike County,384,1840,2224
42105,PA,Potter County,91,448,539
42107,PA,Schuylkill County,765,3194,3959
42109,PA,Snyder County,175,921,1096
42111,PA,Somerset County,324,2530,2854
42113,PA,Sullivan County,34,187,221
42115,PA,Susquehanna County,280,1396,1676
42117,PA,Tioga County,155,830,985
42119,PA,Union County,166,750,916
42121,PA,Venango County,196,1458,1654
42123,PA,Warren County,182,865,1047
42125,PA,Washington County,1862,4743,6605
42127,PA,Wayne County,279,1870,2149
42129,PA,Westmoreland County,3102,8880,11982
42131,PA,Wyoming County,170,851,1021
42133,PA,York County,2913,11112,14025
45001,SC,Abbeville County,46,794,840
45003,SC,Aiken County,441,5223,5664
45005,SC,Allendale County,21,229,250
45007,SC,Anderson County,545,7405,7950
45009,SC,Bamberg County,52,411,463
45011,SC,Barnwell County,54,619,673
45013,SC,Beaufort County,1522,6503,8025
45015,SC,Berkeley County,1309,6418,7727
45017,SC,Calhoun County,62,511,573
45019,SC,Charleston County,4587,16486,21073
45021,SC,Cherokee County,124,1440,1564
45023,SC,Chester County,94,1137,1231
45025,SC,Chesterfield County,133,1382,1515
45027,SC,Clarendon County,104,1107,1211
45029,SC,Colleton County,238,2157,2395
45031,SC,Darlington County,230,2329,2559
45033,SC,Dillon County,69,1160,1229
45035,SC,Dorchester County,1043,5069,6112
45037,SC,Edgefield County,43,752,795
45039,SC,Fairfield County,93,855,948
45041,SC,Florence County,570,5563,6133
45043,SC,Georgetown County,354,2872,3226
45045,SC,Greenville County,2615,21483,24098
45047,SC,Greenwood County,142,2381,2523
45049,SC,Hampton County,76,770,846
45051,SC,Horry County,1727,16946,18673
45053,SC,Jasper County,128,1102,1230
45055,SC,Kershaw County,248,2556,2804
45057,SC,Lancaster County,292,3179,3471
45059,SC,Laurens County,199,1962,2161
45061,SC,Lee County,55,690,745
45063,SC,Lexington County,1331,9643,10974
45065,SC,McCormick County,19,280,299
45067,SC,Marion County,82,1446,1528
45069,SC,Marlboro County,57,805,862
45071,SC,Newberry County,122,1058,1180
45073,SC,Oconee County,305,2419,2724
45075,SC,Orangeburg County,457,3603,4060
45077,SC,Pickens County,417,4677,5094
45079,SC,Richland County,2223,14439,16662
45081,SC,Saluda County,41,517,558
45083,SC,Spartanburg County,1058,9732,10790
45085,SC,Sumter County,403,3239,3642
45087,SC,Union County,49,606,655
45089,SC,Williamsburg County,116,1457,1573
45091,SC,York County,1157,9858,11015
46003,SD,Aurora County,.,.,103
46005,SD,Beadle County,45,369,414
46007,SD,Bennett County,.,.,46
46009,SD,Bon Homme County,17,120,137
46011,SD,Brookings County,106,675,781
46013,SD,Brown County,114,652,766
46015,SD,Brule County,18,133,151
46017,SD,Buffalo County,0,14,14
46019,SD,Butte County,23,236,259
46021,SD,Campbell County,.,.,35
46023,SD,Charles Mix County,25,197,222
46025,SD,Clark County,23,200,223
46027,SD,Clay County,85,296,381
46029,SD,Codington County,91,939,1030
46031,SD,Corson County,.,.,38
46033,SD,Custer County,33,202,235
46035,SD,Davison County,37,360,397
46037,SD,Day County,19,287,306
46039,SD,Deuel County,13,128,141
46041,SD,Dewey County,.,.,51
46043,SD,Douglas County,.,.,91
46045,SD,Edmunds County,12,83,95
46047,SD,Fall River County,13,156,169
46049,SD,Faulk County,.,.,64
46051,SD,Grant County,25,180,205
46053,SD,Gregory County,22,232,254
46055,SD,Haakon County,.,.,39
46057,SD,Hamlin County,12,224,236
46059,SD,Hand County,.,.,62
46061,SD,Hanson County,.,.,62
46063,SD,Harding County,.,.,27
46065,SD,Hughes County,39,338,377
46067,SD,Hutchinson County,34,187,221
46069,SD,Hyde County,.,.,50
46071,SD,Jackson County,.,.,68
46073,SD,Jerauld County,.,.,63
46075,SD,Jones County,.,.,51
46077,SD,Kingsbury County,26,164,190
46079,SD,Lake County,52,317,369
46081,SD,Lawrence County,113,628,741
46083,SD,Lincoln County,198,910,1108
46085,SD,Lyman County,13,74,87
46087,SD,McCook County,22,122,144
46089,SD,McPherson County,.,.,60
46091,SD,Marshall County,16,98,114
46093,SD,Meade County,77,563,640
46095,SD,Mellette County,.,.,45
46097,SD,Miner County,.,.,44
46099,SD,Minnehaha County,772,3998,4770
46101,SD,Moody County,29,126,155
46103,SD,Pennington County,312,2113,2425
46105,SD,Perkins County,.,.,105
46107,SD,Potter County,15,93,108
46109,SD,Roberts County,16,147,163
46111,SD,Sanborn County,.,.,101
46113,SD,Shannon County,53,204,257
46115,SD,Spink County,22,151,173
46117,SD,Stanley County,.,.,86
46119,SD,Sully County,.,.,52
46121,SD,Todd County,15,70,85
46123,SD,Tripp County,11,165,176
46125,SD,Turner County,31,227,258
46127,SD,Union County,73,302,375
46129,SD,Walworth County,13,116,129
46135,SD,Yankton County,80,465,545
46137,SD,Ziebach County,.,.,17
47001,TN,Anderson County,429,2064,2493
47003,TN,Bedford County,172,1241,1413
47005,TN,Benton County,68,535,603
47007,TN,Bledsoe County,30,286,316
47009,TN,Blount County,738,3599,4337
47011,TN,Bradley County,493,3125,3618
47013,TN,Campbell County,188,1040,1228
47015,TN,Cannon County,52,372,424
47017,TN,Carroll County,112,762,874
47019,TN,Carter County,236,1738,1974
47021,TN,Cheatham County,316,1244,1560
47023,TN,Chester County,49,456,505
47025,TN,Claiborne County,149,891,1040
47027,TN,Clay County,30,401,431
47029,TN,Cocke County,137,1218,1355
47031,TN,Coffee County,183,1580,1763
47033,TN,Crockett County,44,464,508
47035,TN,Cumberland County,243,1436,1679
47037,TN,Davidson County,7561,24125,31686
47039,TN,Decatur County,36,532,568
47041,TN,DeKalb County,76,560,636
47043,TN,Dickson County,203,1644,1847
47045,TN,Dyer County,135,1077,1212
47047,TN,Fayette County,238,1073,1311
47049,TN,Fentress County,66,522,588
47051,TN,Franklin County,181,1074,1255
47053,TN,Gibson County,156,1461,1617
47055,TN,Giles County,82,967,1049
47057,TN,Grainger County,100,730,830
47059,TN,Greene County,226,1976,2202
47061,TN,Grundy County,54,492,546
47063,TN,Hamblen County,274,1761,2035
47065,TN,Hamilton County,2399,11083,13482
47067,TN,Hancock County,.,.,288
47069,TN,Hardeman County,81,619,700
47071,TN,Hardin County,101,901,1002
47073,TN,Hawkins County,147,1553,1700
47075,TN,Haywood County,80,507,587
47077,TN,Henderson County,93,980,1073
47079,TN,Henry County,137,976,1113
47081,TN,Hickman County,114,945,1059
47083,TN,Houston County,19,208,227
47085,TN,Humphreys County,58,545,603
47087,TN,Jackson County,39,439,478
47089,TN,Jefferson County,270,1524,1794
47091,TN,Johnson County,54,465,519
47093,TN,Knox County,3471,13093,16564
47095,TN,Lake County,.,.,175
47097,TN,Lauderdale County,76,558,634
47099,TN,Lawrence County,161,1544,1705
47101,TN,Lewis County,32,527,559
47103,TN,Lincoln County,89,1082,1171
47105,TN,Loudon County,284,1348,1632
47107,TN,McMinn County,186,1334,1520
47109,TN,McNairy County,70,782,852
47111,TN,Macon County,89,747,836
47113,TN,Madison County,424,2905,3329
47115,TN,Marion County,136,809,945
47117,TN,Marshall County,115,861,976
47119,TN,Maury County,422,2623,3045
47121,TN,Meigs County,33,308,341
47123,TN,Monroe County,182,1190,1372
47125,TN,Montgomery County,900,3209,4109
47127,TN,Moore County,18,162,180
47129,TN,Morgan County,68,379,447
47131,TN,Obion County,95,775,870
47133,TN,Overton County,115,721,836
47135,TN,Perry County,33,302,335
47137,TN,Pickett County,21,248,269
47139,TN,Polk County,63,594,657
47141,TN,Putnam County,386,2439,2825
47143,TN,Rhea County,126,738,864
47145,TN,Roane County,237,1156,1393
47147,TN,Robertson County,478,1773,2251
47149,TN,Rutherford County,1952,6946,8898
47151,TN,Scott County,100,596,696
47153,TN,Sequatchie County,54,428,482
47155,TN,Sevier County,646,4185,4831
47157,TN,Shelby County,6315,25465,31780
47159,TN,Smith County,74,564,638
47161,TN,Stewart County,57,369,426
47163,TN,Sullivan County,588,4813,5401
47165,TN,Sumner County,1177,4325,5502
47167,TN,Tipton County,317,1148,1465
47169,TN,Trousdale County,38,248,286
47171,TN,Unicoi County,58,502,560
47173,TN,Union County,59,563,622
47175,TN,Van Buren County,.,.,238
47177,TN,Warren County,167,1343,1510
47179,TN,Washington County,705,3866,4571
47181,TN,Wayne County,64,730,794
47183,TN,Weakley County,84,712,796
47185,TN,White County,129,1055,1184
47187,TN,Williamson County,2473,5172,7645
47189,TN,Wilson County,947,3330,4277
48001,TX,Anderson County,152,1063,1215
48003,TX,Andrews County,129,296,425
48005,TX,Angelina County,272,2164,2436
48007,TX,Aransas County,168,1046,1214
48009,TX,Archer County,33,235,268
48011,TX,Armstrong County,.,.,35
48013,TX,Atascosa County,235,2066,2301
48015,TX,Austin County,196,1010,1206
48017,TX,Bailey County,24,239,263
48019,TX,Bandera County,96,777,873
48021,TX,Bastrop County,470,3048,3518
48023,TX,Baylor County,.,.,80
48025,TX,Bee County,123,666,789
48027,TX,Bell County,1240,6419,7659
48029,TX,Bexar County,11829,82264,94093
48031,TX,Blanco County,58,489,547
48033,TX,Borden County,.,.,12
48035,TX,Bosque County,94,636,730
48037,TX,Bowie County,339,2163,2502
48039,TX,Brazoria County,2329,10539,12868
48041,TX,Brazos County,869,4036,4905
48043,TX,Brewster County,58,415,473
48045,TX,Briscoe County,.,.,51
48047,TX,Brooks County,55,359,414
48049,TX,Brown County,129,877,1006
48051,TX,Burleson County,57,475,532
48053,TX,Burnet County,320,1781,2101
48055,TX,Caldwell County,208,1388,1596
48057,TX,Calhoun County,90,603,693
48059,TX,Callahan County,45,300,345
48061,TX,Cameron County,1985,16271,18256
48063,TX,Camp County,37,389,426
48065,TX,Carson County,24,108,132
48067,TX,Cass County,114,824,938
48069,TX,Castro County,29,224,253
48071,TX,Chambers County,190,819,1009
48073,TX,Cherokee County,168,1222,1390
48075,TX,Childress County,19,138,157
48077,TX,Clay County,31,275,306
48079,TX,Cochran County,.,.,82
48081,TX,Coke County,11,61,72
48083,TX,Coleman County,27,259,286
48085,TX,Collin County,7782,38088,45870
48087,TX,Collingsworth County,.,.,62
48089,TX,Colorado County,114,888,1002
48091,TX,Comal County,903,4523,5426
48093,TX,Comanche County,61,458,519
48095,TX,Concho County,16,79,95
48097,TX,Cooke County,165,996,1161
48099,TX,Coryell County,209,1008,1217
48101,TX,Cottle County,.,.,38
48103,TX,Crane County,22,81,103
48105,TX,Crockett County,16,102,118
48107,TX,Crosby County,17,181,198
48109,TX,Culberson County,.,.,101
48111,TX,Dallam County,36,227,263
48113,TX,Dallas County,16388,112114,128502
48115,TX,Dawson County,44,301,345
48117,TX,Deaf Smith County,65,496,561
48119,TX,Delta County,18,116,134
48121,TX,Denton County,5609,28549,34158
48123,TX,DeWitt County,133,520,653
48125,TX,Dickens County,.,.,60
48127,TX,Dimmit County,51,409,460
48129,TX,Donley County,.,.,92
48131,TX,Duval County,49,298,347
48133,TX,Eastland County,83,500,583
48135,TX,Ector County,1070,3238,4308
48137,TX,Edwards County,.,.,90
48139,TX,Ellis County,706,5629,6335
48141,TX,El Paso County,4645,50486,55131
48143,TX,Erath County,186,1284,1470
48145,TX,Falls County,54,450,504
48147,TX,Fannin County,146,870,1016
48149,TX,Fayette County,132,760,892
48151,TX,Fisher County,22,89,111
48153,TX,Floyd County,16,192,208
48155,TX,Foard County,.,.,45
48157,TX,Fort Bend County,6927,35051,41978
48159,TX,Franklin County,42,390,432
48161,TX,Freestone County,79,466,545
48163,TX,Frio County,108,696,804
48165,TX,Gaines County,48,262,310
48167,TX,Galveston County,2353,10626,12979
48169,TX,Garza County,17,121,138
48171,TX,Gillespie County,139,1375,1514
48173,TX,Glasscock County,11,37,48
48175,TX,Goliad County,28,190,218
48177,TX,Gonzales County,107,598,705
48179,TX,Gray County,94,416,510
48181,TX,Grayson County,407,3690,4097
48183,TX,Gregg County,604,3637,4241
48185,TX,Grimes County,109,692,801
48187,TX,Guadalupe County,730,4035,4765
48189,TX,Hale County,101,841,942
48191,TX,Hall County,.,.,98
48193,TX,Hamilton County,44,295,339
48195,TX,Hansford County,17,156,173
48197,TX,Hardeman County,34,115,149
48199,TX,Hardin County,189,1393,1582
48201,TX,Harris County,33693,193096,226789
48203,TX,Harrison County,292,1798,2090
48205,TX,Hartley County,28,117,145
48207,TX,Haskell County,50,192,242
48209,TX,Hays County,1731,7191,8922
48211,TX,Hemphill County,23,83,106
48213,TX,Henderson County,377,2759,3136
48215,TX,Hidalgo County,4165,30891,35056
48217,TX,Hill County,160,1176,1336
48219,TX,Hockley County,110,459,569
48221,TX,Hood County,317,2071,2388
48223,TX,Hopkins County,128,1097,1225
48225,TX,Houston County,53,468,521
48227,TX,Howard County,194,749,943
48229,TX,Hudspeth County,13,201,214
48231,TX,Hunt County,342,3011,3353
48233,TX,Hutchinson County,74,414,488
48235,TX,Irion County,11,33,44
48237,TX,Jack County,49,204,253
48239,TX,Jackson County,82,378,460
48241,TX,Jasper County,163,1266,1429
48243,TX,Jeff Davis County,.,.,96
48245,TX,Jefferson County,1055,7352,8407
48247,TX,Jim Hogg County,21,124,145
48249,TX,Jim Wells County,237,1353,1590
48251,TX,Johnson County,690,5559,6249
48253,TX,Jones County,66,395,461
48255,TX,Karnes County,102,364,466
48257,TX,Kaufman County,445,4163,4608
48259,TX,Kendall County,253,1154,1407
48261,TX,Kenedy County,.,.,13
48263,TX,Kent County,.,.,26
48265,TX,Kerr County,248,1779,2027
48267,TX,Kimble County,20,128,148
48269,TX,King County,0,.,.
48271,TX,Kinney County,.,.,88
48273,TX,Kleberg County,123,822,945
48275,TX,Knox County,17,126,143
48277,TX,Lamar County,188,1324,1512
48279,TX,Lamb County,43,519,562
48281,TX,Lampasas County,83,474,557
48283,TX,La Salle County,40,247,287
48285,TX,Lavaca County,72,581,653
48287,TX,Lee County,95,509,604
48289,TX,Leon County,65,496,561
48291,TX,Liberty County,361,2226,2587
48293,TX,Limestone County,87,569,656
48295,TX,Lipscomb County,11,51,62
48297,TX,Live Oak County,57,320,377
48299,TX,Llano County,134,779,913
48301,TX,Loving County,0,.,.
48303,TX,Lubbock County,1286,7131,8417
48305,TX,Lynn County,15,171,186
48307,TX,McCulloch County,26,165,191
48309,TX,McLennan County,1054,6096,7150
48311,TX,McMullen County,.,.,42
48313,TX,Madison County,55,294,349
48315,TX,Marion County,33,357,390
48317,TX,Martin County,27,78,105
48319,TX,Mason County,12,165,177
48321,TX,Matagorda County,162,1369,1531
48323,TX,Maverick County,146,2498,2644
48325,TX,Medina County,235,1861,2096
48327,TX,Menard County,.,.,96
48329,TX,Midland County,963,2985,3948
48331,TX,Milam County,90,564,654
48333,TX,Mills County,26,160,186
48335,TX,Mitchell County,52,122,174
48337,TX,Montague County,113,620,733
48339,TX,Montgomery County,3833,16209,20042
48341,TX,Moore County,68,358,426
48343,TX,Morris County,43,364,407
48345,TX,Motley County,.,.,24
48347,TX,Nacogdoches County,234,1498,1732
48349,TX,Navarro County,189,1512,1701
48351,TX,Newton County,38,396,434
48353,TX,Nolan County,51,321,372
48355,TX,Nueces County,1743,9209,10952
48357,TX,Ochiltree County,66,237,303
48359,TX,Oldham County,.,.,43
48361,TX,Orange County,315,2028,2343
48363,TX,Palo Pinto County,147,987,1134
48365,TX,Panola County,108,584,692
48367,TX,Parker County,636,4229,4865
48369,TX,Parmer County,19,198,217
48371,TX,Pecos County,94,399,493
48373,TX,Polk County,228,1657,1885
48375,TX,Potter County,383,2406,2789
48377,TX,Presidio County,45,260,305
48379,TX,Rains County,52,448,500
48381,TX,Randall County,605,2565,3170
48383,TX,Reagan County,13,68,81
48385,TX,Real County,29,143,172
48387,TX,Red River County,37,451,488
48389,TX,Reeves County,56,260,316
48391,TX,Refugio County,27,202,229
48393,TX,Roberts County,.,.,15
48395,TX,Robertson County,92,437,529
48397,TX,Rockwall County,595,3252,3847
48399,TX,Runnels County,54,339,393
48401,TX,Rusk County,176,1286,1462
48403,TX,Sabine County,46,290,336
48405,TX,San Augustine County,35,254,289
48407,TX,San Jacinto County,102,774,876
48409,TX,San Patricio County,326,2122,2448
48411,TX,San Saba County,20,184,204
48413,TX,Schleicher County,13,99,112
48415,TX,Scurry County,71,316,387
48417,TX,Shackelford County,16,70,86
48419,TX,Shelby County,83,688,771
48421,TX,Sherman County,11,67,78
48423,TX,Smith County,1099,7422,8521
48425,TX,Somervell County,64,302,366
48427,TX,Starr County,205,2913,3118
48429,TX,Stephens County,36,284,320
48431,TX,Sterling County,.,.,39
48433,TX,Stonewall County,.,.,37
48435,TX,Sutton County,21,122,143
48437,TX,Swisher County,27,128,155
48439,TX,Tarrant County,11849,82989,94838
48441,TX,Taylor County,591,2960,3551
48443,TX,Terrell County,.,.,46
48445,TX,Terry County,41,284,325
48447,TX,Throckmorton County,.,.,30
48449,TX,Titus County,90,696,786
48451,TX,Tom Green County,465,2665,3130
48453,TX,Travis County,16038,50112,66150
48455,TX,Trinity County,63,310,373
48457,TX,Tyler County,75,442,517
48459,TX,Upshur County,166,1189,1355
48461,TX,Upton County,16,52,68
48463,TX,Uvalde County,146,1140,1286
48465,TX,Val Verde County,133,1983,2116
48467,TX,Van Zandt County,212,2006,2218
48469,TX,Victoria County,374,2361,2735
48471,TX,Walker County,216,1274,1490
48473,TX,Waller County,249,1590,1839
48475,TX,Ward County,77,235,312
48477,TX,Washington County,189,967,1156
48479,TX,Webb County,1014,10041,11055
48481,TX,Wharton County,194,1386,1580
48483,TX,Wheeler County,26,119,145
48485,TX,Wichita County,436,2937,3373
48487,TX,Wilbarger County,27,241,268
48489,TX,Willacy County,66,899,965
48491,TX,Williamson County,4942,17227,22169
48493,TX,Wilson County,219,1387,1606
48495,TX,Winkler County,53,157,210
48497,TX,Wise County,305,2233,2538
48499,TX,Wood County,171,1470,1641
48501,TX,Yoakum County,27,172,199
48503,TX,Young County,79,487,566
48505,TX,Zapata County,52,397,449
48507,TX,Zavala County,54,413,467
49001,UT,Beaver County,14,308,322
49003,UT,Box Elder County,203,2103,2306
49005,UT,Cache County,597,5428,6025
49007,UT,Carbon County,56,732,788
49009,UT,Daggett County,11,52,63
49011,UT,Davis County,1992,11284,13276
49013,UT,Duchesne County,88,646,734
49015,UT,Emery County,25,359,384
49017,UT,Garfield County,.,.,362
49019,UT,Grand County,78,953,1031
49021,UT,Iron County,126,2158,2284
49023,UT,Juab County,45,587,632
49025,UT,Kane County,50,460,510
49027,UT,Millard County,35,501,536
49029,UT,Morgan County,45,451,496
49031,UT,Piute County,.,.,103
49033,UT,Rich County,19,173,192
49035,UT,Salt Lake County,8037,44359,52396
49037,UT,San Juan County,41,293,334
49039,UT,Sanpete County,61,1299,1360
49041,UT,Sevier County,53,1053,1106
49043,UT,Summit County,591,2122,2713
49045,UT,Tooele County,262,1869,2131
49047,UT,Uintah County,127,1069,1196
49049,UT,Utah County,2969,25413,28382
49051,UT,Wasatch County,221,1901,2122
49053,UT,Washington County,747,8883,9630
49055,UT,Wayne County,21,173,194
49057,UT,Weber County,997,8004,9001
51001,VA,Accomack County,155,1390,1545
51003,VA,Albemarle County,1199,3509,4708
51005,VA,Alleghany County,55,673,728
51007,VA,Amelia County,120,574,694
51009,VA,Amherst County,165,1217,1382
51011,VA,Appomattox County,108,670,778
51013,VA,Arlington County,2841,6874,9715
51015,VA,Augusta County,696,2974,3670
51017,VA,Bath County,21,193,214
51019,VA,Bedford County,571,3371,3942
51021,VA,Bland County,19,144,163
51023,VA,Botetourt County,209,1362,1571
51025,VA,Brunswick County,69,666,735
51027,VA,Buchanan County,57,488,545
51029,VA,Buckingham County,47,621,668
51031,VA,Campbell County,276,2136,2412
51033,VA,Caroline County,208,1033,1241
51035,VA,Carroll County,110,1354,1464
51036,VA,Charles City County,52,303,355
51037,VA,Charlotte County,74,564,638
51041,VA,Chesterfield County,3626,12685,16311
51043,VA,Clarke County,107,580,687
51045,VA,Craig County,21,182,203
51047,VA,Culpeper County,227,1726,1953
51049,VA,Cumberland County,68,436,504
51051,VA,Dickenson County,52,364,416
51053,VA,Dinwiddie County,154,801,955
51057,VA,Essex County,57,528,585
51059,VA,Fairfax County,11864,55225,67089
51061,VA,Fauquier County,471,2307,2778
51063,VA,Floyd County,112,1019,1131
51065,VA,Fluvanna County,186,923,1109
51067,VA,Franklin County,304,2496,2800
51069,VA,Frederick County,352,2874,3226
51071,VA,Giles County,48,631,679
51073,VA,Gloucester County,175,1371,1546
51075,VA,Goochland County,332,884,1216
51077,VA,Grayson County,58,750,808
51079,VA,Greene County,116,737,853
51081,VA,Greensville County,62,473,535
51083,VA,Halifax County,197,1386,1583
51085,VA,Hanover County,1234,3856,5090
51087,VA,Henrico County,4172,13980,18152
51089,VA,Henry County,416,2980,3396
51091,VA,Highland County,.,.,174
51093,VA,Isle of Wight County,188,1116,1304
51095,VA,James City County,433,2254,2687
51097,VA,King and Queen County,39,342,381
51099,VA,King George County,97,632,729
51101,VA,King William County,140,589,729
51103,VA,Lancaster County,72,599,671
51105,VA,Lee County,37,541,578
51107,VA,Loudoun County,3893,13065,16958
51109,VA,Louisa County,257,1356,1613
51111,VA,Lunenburg County,34,452,486
51113,VA,Madison County,69,561,630
51115,VA,Mathews County,37,396,433
51117,VA,Mecklenburg County,124,1266,1390
51119,VA,Middlesex County,90,616,706
51121,VA,Montgomery County,471,2920,3391
51125,VA,Nelson County,145,853,998
51127,VA,New Kent County,152,646,798
51131,VA,Northampton County,73,626,699
51133,VA,Northumberland County,73,570,643
51135,VA,Nottoway County,53,493,546
51137,VA,Orange County,206,1342,1548
51139,VA,Page County,71,956,1027
51141,VA,Patrick County,94,793,887
51143,VA,Pittsylvania County,548,3279,3827
51145,VA,Powhatan County,304,1074,1378
51147,VA,Prince Edward County,101,746,847
51149,VA,Prince George County,155,714,869
51153,VA,Prince William County,3367,21100,24467
51155,VA,Pulaski County,117,1020,1137
51157,VA,Rappahannock County,71,481,552
51159,VA,Richmond County,35,333,368
51161,VA,Roanoke County,525,4030,4555
51163,VA,Rockbridge County,132,1308,1440
51165,VA,Rockingham County,342,2980,3322
51167,VA,Russell County,73,765,838
51169,VA,Scott County,56,579,635
51171,VA,Shenandoah County,179,1574,1753
51173,VA,Smyth County,78,1037,1115
51175,VA,Southampton County,77,603,680
51177,VA,Spotsylvania County,719,4328,5047
51179,VA,Stafford County,773,3813,4586
51181,VA,Surry County,41,296,337
51183,VA,Sussex County,42,339,381
51185,VA,Tazewell County,117,1139,1256
51187,VA,Warren County,193,1289,1482
51191,VA,Washington County,203,2141,2344
51193,VA,Westmoreland County,77,603,680
51195,VA,Wise County,99,913,1012
51197,VA,Wythe County,89,944,1033
51199,VA,York County,302,1847,2149
51510,VA,Alexandria city,1810,6228,8038
51515,VA,Bedford city,.,.,108
51520,VA,Bristol city,35,535,570
51530,VA,Buena Vista city,15,176,191
51540,VA,Charlottesville city,791,1859,2650
51550,VA,Chesapeake city,1095,7240,8335
51570,VA,Colonial Heights city,111,674,785
51580,VA,Covington city,12,152,164
51590,VA,Danville city,304,1771,2075
51595,VA,Emporia city,.,.,78
51600,VA,Fairfax city,302,1267,1569
51610,VA,Falls Church city,236,709,945
51620,VA,Franklin city,23,268,291
51630,VA,Fredericksburg city,199,893,1092
51640,VA,Galax city,21,253,274
51650,VA,Hampton city,660,4531,5191
51660,VA,Harrisonburg city,194,1212,1406
51670,VA,Hopewell city,122,635,757
51678,VA,Lexington city,32,173,205
51680,VA,Lynchburg city,460,2544,3004
51683,VA,Manassas city,265,1838,2103
51685,VA,Manassas Park city,126,859,985
51690,VA,Martinsville city,110,758,868
51700,VA,Newport News city,960,5733,6693
51710,VA,Norfolk city,1369,7104,8473
51720,VA,Norton city,11,72,83
51730,VA,Petersburg city,186,1018,1204
51735,VA,Poquoson city,63,349,412
51740,VA,Portsmouth city,522,2956,3478
51750,VA,Radford city,52,401,453
51760,VA,Richmond city,3203,9717,12920
51770,VA,Roanoke city,576,4019,4595
51775,VA,Salem city,119,923,1042
51790,VA,Staunton city,190,830,1020
51800,VA,Suffolk city,394,2292,2686
51810,VA,Virginia Beach city,2544,16690,19234
51820,VA,Waynesboro city,147,581,728
51830,VA,Williamsburg city,68,433,501
51840,VA,Winchester city,149,908,1057
55001,WI,Adams County,63,712,775
55003,WI,Ashland County,71,922,993
55005,WI,Barron County,217,2125,2342
55007,WI,Bayfield County,50,1012,1062
55009,WI,Brown County,1103,7544,8647
55011,WI,Buffalo County,63,752,815
55013,WI,Burnett County,43,771,814
55015,WI,Calumet County,152,1190,1342
55017,WI,Chippewa County,270,2639,2909
55019,WI,Clark County,115,1722,1837
55021,WI,Columbia County,221,1482,1703
55023,WI,Crawford County,53,568,621
55025,WI,Dane County,2947,11557,14504
55027,WI,Dodge County,281,2427,2708
55029,WI,Door County,244,1851,2095
55031,WI,Douglas County,103,1533,1636
55033,WI,Dunn County,125,1458,1583
55035,WI,Eau Claire County,369,3495,3864
55037,WI,Florence County,.,.,227
55039,WI,Fond du Lac County,324,2800,3124
55041,WI,Forest County,.,.,471
55043,WI,Grant County,144,1755,1899
55045,WI,Green County,141,1145,1286
55047,WI,Green Lake County,51,565,616
55049,WI,Iowa County,99,954,1053
55051,WI,Iron County,17,490,507
55053,WI,Jackson County,52,754,806
55055,WI,Jefferson County,335,2361,2696
55057,WI,Juneau County,67,790,857
55059,WI,Kenosha County,614,4974,5588
55061,WI,Kewaunee County,102,807,909
55063,WI,La Crosse County,330,3661,3991
55065,WI,Lafayette County,76,649,725
55067,WI,Langlade County,59,999,1058
55069,WI,Lincoln County,84,1376,1460
55071,WI,Manitowoc County,279,2717,2996
55073,WI,Marathon County,514,5539,6053
55075,WI,Marinette County,183,1848,2031
55077,WI,Marquette County,36,520,556
55078,WI,Menominee County,.,.,45
55079,WI,Milwaukee County,3350,30126,33476
55081,WI,Monroe County,132,1377,1509
55083,WI,Oconto County,167,1538,1705
55085,WI,Oneida County,172,2200,2372
55087,WI,Outagamie County,738,5246,5984
55089,WI,Ozaukee County,493,2886,3379
55091,WI,Pepin County,29,364,393
55093,WI,Pierce County,97,1249,1346
55095,WI,Polk County,88,2124,2212
55097,WI,Portage County,266,2817,3083
55099,WI,Price County,40,823,863
55101,WI,Racine County,586,5364,5950
55103,WI,Richland County,60,618,678
55105,WI,Rock County,564,4129,4693
55107,WI,Rusk County,44,779,823
55109,WI,St. Croix County,226,2618,2844
55111,WI,Sauk County,232,1951,2183
55113,WI,Sawyer County,75,864,939
55115,WI,Shawano County,231,1651,1882
55117,WI,Sheboygan County,406,3130,3536
55119,WI,Taylor County,77,1120,1197
55121,WI,Trempealeau County,115,997,1112
55123,WI,Vernon County,90,1052,1142
55125,WI,Vilas County,89,1737,1826
55127,WI,Walworth County,619,3815,4434
55129,WI,Washburn County,56,881,937
55131,WI,Washington County,579,3928,4507
55133,WI,Waukesha County,1766,9491,11257
55135,WI,Waupaca County,188,1989,2177
55137,WI,Waushara County,85,871,956
55139,WI,Winnebago County,590,4746,5336
55141,WI,Wood County,239,3166,3405
54001,WV,Barbour County,30,278,308
54003,WV,Berkeley County,331,1647,1978
54005,WV,Boone County,22,261,283
54007,WV,Braxton County,22,314,336
54009,WV,Brooke County,57,424,481
54011,WV,Cabell County,325,1349,1674
54013,WV,Calhoun County,14,120,134
54015,WV,Clay County,.,.,143
54017,WV,Doddridge County,23,97,120
54019,WV,Fayette County,58,707,765
54021,WV,Gilmer County,.,.,114
54023,WV,Grant County,14,176,190
54025,WV,Greenbrier County,86,790,876
54027,WV,Hampshire County,56,412,468
54029,WV,Hancock County,80,652,732
54031,WV,Hardy County,15,236,251
54033,WV,Harrison County,234,1087,1321
54035,WV,Jackson County,79,378,457
54037,WV,Jefferson County,265,908,1173
54039,WV,Kanawha County,519,2882,3401
54041,WV,Lewis County,52,267,319
54043,WV,Lincoln County,41,343,384
54045,WV,Logan County,44,404,448
54047,WV,McDowell County,.,.,191
54049,WV,Marion County,140,866,1006
54051,WV,Marshall County,70,427,497
54053,WV,Mason County,67,287,354
54055,WV,Mercer County,94,937,1031
54057,WV,Mineral County,50,412,462
54059,WV,Mingo County,30,347,377
54061,WV,Monongalia County,418,1241,1659
54063,WV,Monroe County,27,406,433
54065,WV,Morgan County,58,303,361
54067,WV,Nicholas County,45,481,526
54069,WV,Ohio County,186,728,914
54071,WV,Pendleton County,15,203,218
54073,WV,Pleasants County,.,.,116
54075,WV,Pocahontas County,18,283,301
54077,WV,Preston County,85,609,694
54079,WV,Putnam County,203,883,1086
54081,WV,Raleigh County,130,1275,1405
54083,WV,Randolph County,44,539,583
54085,WV,Ritchie County,.,.,133
54087,WV,Roane County,23,277,300
54089,WV,Summers County,30,202,232
54091,WV,Taylor County,36,183,219
54093,WV,Tucker County,17,154,171
54095,WV,Tyler County,26,217,243
54097,WV,Upshur County,67,375,442
54099,WV,Wayne County,114,472,586
54101,WV,Webster County,.,.,114
54103,WV,Wetzel County,37,385,422
54105,WV,Wirt County,15,98,113
54107,WV,Wood County,208,1303,1511
54109,WV,Wyoming County,37,324,361
56001,WY,Albany County,114,1121,1235
56003,WY,Big Horn County,28,369,397
56005,WY,Campbell County,97,659,756
56007,WY,Carbon County,40,423,463
56009,WY,Converse County,43,281,324
56011,WY,Crook County,22,284,306
56013,WY,Fremont County,236,1961,2197
56015,WY,Goshen County,25,562,587
56017,WY,Hot Springs County,14,137,151
56019,WY,Johnson County,38,314,352
56021,WY,Laramie County,277,2303,2580
56023,WY,Lincoln County,73,1055,1128
56025,WY,Natrona County,285,1968,2253
56027,WY,Niobrara County,13,100,113
56029,WY,Park County,106,1431,1537
56031,WY,Platte County,19,276,295
56033,WY,Sheridan County,86,1090,1176
56035,WY,Sublette County,28,453,481
56037,WY,Sweetwater County,107,911,1018
56039,WY,Teton County,197,2525,2722
56041,WY,Uinta County,50,488,538
56043,WY,Washakie County,31,288,319
56045,WY,Weston County,11,150,161
XXXXX,XX,Unknown,101,402,503
